p,propLabel,eff,
http://www.wikidata.org/prop/direct/P166,award received,8620,Important
http://www.wikidata.org/prop/direct/P463,member of,3820,Important
http://www.wikidata.org/prop/direct/P106,occupation,3441,Important
http://www.wikidata.org/prop/direct/P1343,described by source,2092,
http://www.wikidata.org/prop/direct/P69,educated at,2001,Important
http://www.wikidata.org/prop/direct/P108,employer,1878,Important
http://www.wikidata.org/prop/direct/P185,doctoral student,1703,
http://www.wikidata.org/prop/direct/P101,field of work,1419,Important
http://www.wikidata.org/prop/direct/P27,country of citizenship,1099,Important
http://www.wikidata.org/prop/direct/P735,given name,1099,
http://www.wikidata.org/prop/direct/P1412,"languages spoken, written or signed",1002,
http://www.wikidata.org/prop/direct/P800,notable work,884,
http://www.wikidata.org/prop/direct/P214,VIAF cluster ID,795,
http://www.wikidata.org/prop/direct/P213,ISNI,794,
http://www.wikidata.org/prop/direct/P734,family name,788,
http://www.wikidata.org/prop/direct/P18,image,778,
http://www.wikidata.org/prop/direct/P19,place of birth,778,Important
http://www.wikidata.org/prop/direct/P569,date of birth,775,Important
http://www.wikidata.org/prop/direct/P21,sex or gender,771,Important
http://www.wikidata.org/prop/direct/P31,instance of,771,
http://www.wikidata.org/prop/direct/P227,GND ID,771,
http://www.wikidata.org/prop/direct/P8024,Nobel Laureate API ID,770,
http://www.wikidata.org/prop/direct/P373,Commons category,756,
http://www.wikidata.org/prop/direct/P646,Freebase ID,753,
http://www.wikidata.org/prop/direct/P1417,Encyclopædia Britannica Online ID,751,
http://www.wikidata.org/prop/direct/P244,Library of Congress authority ID,743,
http://www.wikidata.org/prop/direct/P10832,WorldCat Entities ID,743,
http://www.wikidata.org/prop/direct/P3222,NE.se ID,737,
http://www.wikidata.org/prop/direct/P7982,Hrvatska enciklopedija ID,715,
http://www.wikidata.org/prop/direct/P5019,Brockhaus Enzyklopädie online ID,713,
http://www.wikidata.org/prop/direct/P7305,Online PWN Encyclopedia ID,707,
http://www.wikidata.org/prop/direct/P1296,Gran Enciclopèdia Catalana ID (former scheme),705,
http://www.wikidata.org/prop/direct/P12385,Gran Enciclopèdia Catalana ID,705,
http://www.wikidata.org/prop/direct/P8313,Lex ID,695,
http://www.wikidata.org/prop/direct/P1559,name in native language,682,
http://www.wikidata.org/prop/direct/P1284,Munzinger person ID,674,
http://www.wikidata.org/prop/direct/P269,IdRef ID,669,
http://www.wikidata.org/prop/direct/P1263,Notable Names Database ID,665,
http://www.wikidata.org/prop/direct/P4342,Store norske leksikon (Great Norwegian Encyclopedia) ID,641,
http://www.wikidata.org/prop/direct/P2381,Academic Tree ID,629,
http://www.wikidata.org/prop/direct/P3219,Encyclopædia Universalis ID,617,
http://www.wikidata.org/prop/direct/P1006,Nationale Thesaurus voor Auteursnamen ID,616,
http://www.wikidata.org/prop/direct/P691,NL CR AUT ID,613,
http://www.wikidata.org/prop/direct/P8189,J9U ID,613,
http://www.wikidata.org/prop/direct/P1207,NUKAT ID,597,
http://www.wikidata.org/prop/direct/P2163,FAST ID,595,
http://www.wikidata.org/prop/direct/P2600,Geni.com profile ID,568,
http://www.wikidata.org/prop/direct/P10242,Lur Encyclopedic Dictionary ID,564,
http://www.wikidata.org/prop/direct/P20,place of death,553,
http://www.wikidata.org/prop/direct/P570,date of death,551,
http://www.wikidata.org/prop/direct/P3365,Treccani ID,546,
http://www.wikidata.org/prop/direct/P268,Bibliothèque nationale de France ID,535,
http://www.wikidata.org/prop/direct/P11496,CiNii Research ID,516,
http://www.wikidata.org/prop/direct/P3430,SNAC ARK ID,512,
http://www.wikidata.org/prop/direct/P1015,NORAF ID,507,
http://www.wikidata.org/prop/direct/P271,NACSIS-CAT author ID,505,
http://www.wikidata.org/prop/direct/P7666,Visuotinė lietuvių enciklopedija ID,502,
http://www.wikidata.org/prop/direct/P3368,Prabook ID,485,
http://www.wikidata.org/prop/direct/P10565,Encyclopedia of China (Third Edition) ID,482,
http://www.wikidata.org/prop/direct/P535,Find a Grave memorial ID,479,
http://www.wikidata.org/prop/direct/P7293,National Library of Poland MMS ID,477,
http://www.wikidata.org/prop/direct/P1411,nominated for,476,
http://www.wikidata.org/prop/direct/P7902,Deutsche Biographie (GND) ID,474,
http://www.wikidata.org/prop/direct/P973,described at URL,468,
http://www.wikidata.org/prop/direct/P11514,Great Russian Encyclopedia portal ID,456,
http://www.wikidata.org/prop/direct/P184,doctoral advisor,446,
http://www.wikidata.org/prop/direct/P6385,Krugosvet article,439,
http://www.wikidata.org/prop/direct/P13049,DDB person (GND) ID,438,
http://www.wikidata.org/prop/direct/P9964,Kalliope-Verbund (GND) ID,431,
http://www.wikidata.org/prop/direct/P5380,National Academy of Sciences member ID,429,
http://www.wikidata.org/prop/direct/P3987,SHARE Catalogue author ID,421,
http://www.wikidata.org/prop/direct/P2924,Great Russian Encyclopedia Online ID (old version),420,
http://www.wikidata.org/prop/direct/P26,spouse,416,
http://www.wikidata.org/prop/direct/P3065,RERO ID (legacy),412,
http://www.wikidata.org/prop/direct/P648,Open Library ID,403,
http://www.wikidata.org/prop/direct/P12582,Oxford Reference overview ID,396,
http://www.wikidata.org/prop/direct/P2949,WikiTree person ID,392,
http://www.wikidata.org/prop/direct/P3360,Nobel Prize People Nomination ID,384,
http://www.wikidata.org/prop/direct/P1695,NLP ID (old),383,
http://www.wikidata.org/prop/direct/P8349,Proleksis enciklopedija ID,383,
http://www.wikidata.org/prop/direct/P1315,NLA Trove people ID,352,
http://www.wikidata.org/prop/direct/P349,NDL Authority ID,350,
http://www.wikidata.org/prop/direct/P906,SELIBR ID,350,
http://www.wikidata.org/prop/direct/P5587,Libris-URI,349,
http://www.wikidata.org/prop/direct/P1153,Scopus author ID,347,
http://www.wikidata.org/prop/direct/P6706,De Agostini ID,335,
http://www.wikidata.org/prop/direct/P551,residence,334,
http://www.wikidata.org/prop/direct/P8179,Canadiana Name Authority ID,331,
http://www.wikidata.org/prop/direct/P737,influenced by,329,
http://www.wikidata.org/prop/direct/P40,child,326,
http://www.wikidata.org/prop/direct/P8168,FactGrid item ID,325,
http://www.wikidata.org/prop/direct/P119,place of burial,322,
http://www.wikidata.org/prop/direct/P409,Libraries Australia ID,322,
http://www.wikidata.org/prop/direct/P6104,maintained by WikiProject,312,
http://www.wikidata.org/prop/direct/P396,SBN author ID,306,
http://www.wikidata.org/prop/direct/P9984,CANTIC ID,304,
http://www.wikidata.org/prop/direct/P11686,University of Barcelona authority ID,292,
http://www.wikidata.org/prop/direct/P1580,University of Barcelona authority ID (former scheme),288,
http://www.wikidata.org/prop/direct/P1280,CONOR.SI ID,286,
http://www.wikidata.org/prop/direct/P512,academic degree,283,
http://www.wikidata.org/prop/direct/P39,position held,275,
http://www.wikidata.org/prop/direct/P1375,NSK ID,265,
http://www.wikidata.org/prop/direct/P1273,CANTIC ID (former scheme),264,
http://www.wikidata.org/prop/direct/P4293,PM20 folder ID,263,
http://www.wikidata.org/prop/direct/P802,student,261,
http://www.wikidata.org/prop/direct/P937,work location,258,
http://www.wikidata.org/prop/direct/P2021,Erdős number,258,
http://www.wikidata.org/prop/direct/P6394,ELNET ID,257,
http://www.wikidata.org/prop/direct/P1368,National Library of Latvia ID,254,
http://www.wikidata.org/prop/direct/P949,National Library of Israel ID (old),250,
http://www.wikidata.org/prop/direct/P11249,KBR person ID,250,
http://www.wikidata.org/prop/direct/P5008,on focus list of Wikimedia project,243,
http://www.wikidata.org/prop/direct/P1556,zbMATH author ID,241,
http://www.wikidata.org/prop/direct/P6551,Physics History Network ID,239,
http://www.wikidata.org/prop/direct/P950,National Library of Spain SpMaBN ID (BNE v1.0),236,
http://www.wikidata.org/prop/direct/P5034,National Library of Korea ID,231,
http://www.wikidata.org/prop/direct/P9807,SNK ID,230,
http://www.wikidata.org/prop/direct/P6640,JRC Names ID,229,
http://www.wikidata.org/prop/direct/P12458,Parsifal cluster ID,225,
http://www.wikidata.org/prop/direct/P7699,National Library of Lithuania ID,223,
http://www.wikidata.org/prop/direct/P910,topic's main category,222,
http://www.wikidata.org/prop/direct/P1005,Portuguese National Library author ID,214,
http://www.wikidata.org/prop/direct/P3373,sibling,213,
http://www.wikidata.org/prop/direct/P5063,Interlingual Index ID,213,
http://www.wikidata.org/prop/direct/P485,archives at,209,
http://www.wikidata.org/prop/direct/P509,cause of death,205,
http://www.wikidata.org/prop/direct/P549,Mathematics Genealogy Project ID,202,
http://www.wikidata.org/prop/direct/P3348,National Library of Greece ID,196,
http://www.wikidata.org/prop/direct/P4223,Treccani's Enciclopedia Italiana ID,193,
http://www.wikidata.org/prop/direct/P1477,birth name,190,
http://www.wikidata.org/prop/direct/P434,MusicBrainz artist ID,188,
http://www.wikidata.org/prop/direct/P5375,BIU Santé person ID,188,
http://www.wikidata.org/prop/direct/P10299,Leopoldina member ID (new),188,
http://www.wikidata.org/prop/direct/P22,father,187,
http://www.wikidata.org/prop/direct/P6886,writing language,187,
http://www.wikidata.org/prop/direct/P7029,National Library of Russia ID,186,
http://www.wikidata.org/prop/direct/P3413,Leopoldina member ID (superseded),183,
http://www.wikidata.org/prop/direct/P1066,student of,181,
http://www.wikidata.org/prop/direct/P3630,Babelio author ID,178,
http://www.wikidata.org/prop/direct/P1741,GTAA ID,176,
http://www.wikidata.org/prop/direct/P7700,Slovak National Library (VIAF) ID,175,
http://www.wikidata.org/prop/direct/P9918,Kallías ID,175,
http://www.wikidata.org/prop/direct/P10553,IxTheo authority ID,174,
http://www.wikidata.org/prop/direct/P140,religion or worldview,168,
http://www.wikidata.org/prop/direct/P10704,Biographical Memoirs of Fellows of the Royal Society ID,164,
http://www.wikidata.org/prop/direct/P3417,Quora topic ID,162,
http://www.wikidata.org/prop/direct/P109,signature,160,
http://www.wikidata.org/prop/direct/P4619,National Library of Brazil ID,160,
http://www.wikidata.org/prop/direct/P345,IMDb ID,159,
http://www.wikidata.org/prop/direct/P7369,National Library of Chile ID,159,
http://www.wikidata.org/prop/direct/P8034,Vatican Library VcBA ID,159,
http://www.wikidata.org/prop/direct/P10227,National Library of Ireland ID,151,
http://www.wikidata.org/prop/direct/P1196,manner of death,150,
http://www.wikidata.org/prop/direct/P5617,Evene ID,150,
http://www.wikidata.org/prop/direct/P6821,Alvin ID,150,
http://www.wikidata.org/prop/direct/P1017,Vatican Library ID (former scheme),147,
http://www.wikidata.org/prop/direct/P8851,CONOR.SR ID,147,
http://www.wikidata.org/prop/direct/P496,ORCID iD,145,
http://www.wikidata.org/prop/direct/P8814,WordNet 3.1 Synset ID,145,
http://www.wikidata.org/prop/direct/P103,native language,142,
http://www.wikidata.org/prop/direct/P1889,different from,142,
http://www.wikidata.org/prop/direct/P10387,Databazeknih.cz author ID,142,
http://www.wikidata.org/prop/direct/P1344,participant in,141,
http://www.wikidata.org/prop/direct/P1038,relative,140,
http://www.wikidata.org/prop/direct/P1890,CCAB ID,139,
http://www.wikidata.org/prop/direct/P4955,MR Author ID,138,
http://www.wikidata.org/prop/direct/P1953,Discogs artist ID,134,
http://www.wikidata.org/prop/direct/P3029,UK National Archives ID,132,
http://www.wikidata.org/prop/direct/P3762,openMLOL author ID,131,
http://www.wikidata.org/prop/direct/P6844,abART person ID,131,
http://www.wikidata.org/prop/direct/P856,official website,129,
http://www.wikidata.org/prop/direct/P3154,Runeberg author ID,129,
http://www.wikidata.org/prop/direct/P3846,DBC author ID,127,
http://www.wikidata.org/prop/direct/P5361,BNB person ID,127,
http://www.wikidata.org/prop/direct/P8849,CONOR.BG ID,126,
http://www.wikidata.org/prop/direct/P935,Commons gallery,123,
http://www.wikidata.org/prop/direct/P7704,Europeana entity,120,
http://www.wikidata.org/prop/direct/P1309,EGAXA ID,118,
http://www.wikidata.org/prop/direct/P7400,LibraryThing author ID,118,
http://www.wikidata.org/prop/direct/P8568,Jewish Virtual Library ID,118,
http://www.wikidata.org/prop/direct/P7865,CoBiS author ID,117,
http://www.wikidata.org/prop/direct/P1442,image of grave,116,
http://www.wikidata.org/prop/direct/P2889,FamilySearch person ID,114,
http://www.wikidata.org/prop/direct/P4823,American National Biography ID,114,
http://www.wikidata.org/prop/direct/P4985,TMDB person ID,114,
http://www.wikidata.org/prop/direct/P2188,BiblioNet author ID,113,
http://www.wikidata.org/prop/direct/P8947,Museo Galileo authority ID,112,
http://www.wikidata.org/prop/direct/P5739,Pontificia Università della Santa Croce ID,111,
http://www.wikidata.org/prop/direct/P1816,National Portrait Gallery (London) person ID,110,
http://www.wikidata.org/prop/direct/P25,mother,109,
http://www.wikidata.org/prop/direct/P136,genre,107,
http://www.wikidata.org/prop/direct/P1233,Internet Speculative Fiction Database author ID,106,
http://www.wikidata.org/prop/direct/P2963,Goodreads author ID,105,
http://www.wikidata.org/prop/direct/P10608,FID performing arts ID,104,
http://www.wikidata.org/prop/direct/P2930,INSPIRE-HEP author ID,102,
http://www.wikidata.org/prop/direct/P866,Perlentaucher ID,101,
http://www.wikidata.org/prop/direct/P1415,Oxford Dictionary of National Biography ID,100,
http://www.wikidata.org/prop/direct/P3280,BAnQ authority ID,100,
http://www.wikidata.org/prop/direct/P8612,past Fellow of the Royal Society ID,100,
http://www.wikidata.org/prop/direct/P723,Digitale Bibliotheek voor de Nederlandse Letteren author ID,98,
http://www.wikidata.org/prop/direct/P2070,Fellow of the Royal Society ID,98,
http://www.wikidata.org/prop/direct/P1617,BBC Things ID,97,
http://www.wikidata.org/prop/direct/P12098,Kinobox person ID,96,
http://www.wikidata.org/prop/direct/P4789,Who's Who UK ID,94,
http://www.wikidata.org/prop/direct/P2383,CTHS person ID,93,
http://www.wikidata.org/prop/direct/P7763,copyright status as a creator,93,
http://www.wikidata.org/prop/direct/P6594,Guggenheim fellows ID,92,
http://www.wikidata.org/prop/direct/P8902,Archives at Yale agent ID,91,
http://www.wikidata.org/prop/direct/P12597,museum-digital person ID,91,
http://www.wikidata.org/prop/direct/P2607,BookBrainz author ID,90,
http://www.wikidata.org/prop/direct/P5731,Angelicum ID,90,
http://www.wikidata.org/prop/direct/P8750,Unione Romana Biblioteche Scientifiche ID,90,
http://www.wikidata.org/prop/direct/P9640,PAS member ID,90,
http://www.wikidata.org/prop/direct/P6178,Dimensions author ID,88,
http://www.wikidata.org/prop/direct/P9247,Pontifical University of Salamanca ID,88,
http://www.wikidata.org/prop/direct/P9037,BHCL UUID,86,
http://www.wikidata.org/prop/direct/P11870,The Literary Encyclopedia person ID,86,
http://www.wikidata.org/prop/direct/P6379,has works in the collection,85,
http://www.wikidata.org/prop/direct/P1960,Google Scholar author ID,84,
http://www.wikidata.org/prop/direct/P1977,Les Archives du spectacle person ID,84,
http://www.wikidata.org/prop/direct/P9371,FranceArchives agent ID,82,
http://www.wikidata.org/prop/direct/P13183,JudaicaLink person (GND) ID,82,
http://www.wikidata.org/prop/direct/P2734,Unz Review author ID,78,
http://www.wikidata.org/prop/direct/P7929,Roglo person ID,77,
http://www.wikidata.org/prop/direct/P10302,Film.ru person ID,77,
http://www.wikidata.org/prop/direct/P13166,PUG authority ID,77,
http://www.wikidata.org/prop/direct/P1185,Rodovid ID,76,
http://www.wikidata.org/prop/direct/P2456,DBLP author ID,76,
http://www.wikidata.org/prop/direct/P9251,Cyprus University of Technology ID,76,
http://www.wikidata.org/prop/direct/P5463,AE member ID,75,
http://www.wikidata.org/prop/direct/P8980,KANTO ID,75,
http://www.wikidata.org/prop/direct/P10141,Academy of Athens authority ID,75,
http://www.wikidata.org/prop/direct/P9171,RILM ID,74,
http://www.wikidata.org/prop/direct/P10780,Radio France person ID,74,
http://www.wikidata.org/prop/direct/P1430,Open Plaques subject ID,73,
http://www.wikidata.org/prop/direct/P3847,Open Library subject ID,72,
http://www.wikidata.org/prop/direct/P8094,GeneaStar person ID,72,
http://www.wikidata.org/prop/direct/P607,participated in conflict,71,
http://www.wikidata.org/prop/direct/P1472,Commons Creator page,71,
http://www.wikidata.org/prop/direct/P1150,Regensburg Classification,69,
http://www.wikidata.org/prop/direct/P1213,NLC authorities,69,
http://www.wikidata.org/prop/direct/P2031,work period (start),68,
http://www.wikidata.org/prop/direct/P12386,Dansk Forfatterleksikon ID,67,
http://www.wikidata.org/prop/direct/P742,pseudonym,66,
http://www.wikidata.org/prop/direct/P4081,BHL creator ID,66,
http://www.wikidata.org/prop/direct/P1801,plaque image,65,
http://www.wikidata.org/prop/direct/P4629,Online Books Page author ID,65,
http://www.wikidata.org/prop/direct/P1938,Project Gutenberg author ID,64,
http://www.wikidata.org/prop/direct/P12800,Vikidia article ID,64,
http://www.wikidata.org/prop/direct/P102,member of political party,63,
http://www.wikidata.org/prop/direct/P3388,LittleSis people ID,63,
http://www.wikidata.org/prop/direct/P3569,Cultureel Woordenboek ID,63,
http://www.wikidata.org/prop/direct/P2799,BVMC person ID,62,
http://www.wikidata.org/prop/direct/P11180,Central Library of Volos authority ID,62,
http://www.wikidata.org/prop/direct/P11185,Levadia Library ID,62,
http://www.wikidata.org/prop/direct/P12483,PMB – Personen der Moderne Basis person ID,62,
http://www.wikidata.org/prop/direct/P1438,Jewish Encyclopedia ID (Russian),61,
http://www.wikidata.org/prop/direct/P8234,LiederNet author ID,61,
http://www.wikidata.org/prop/direct/P2605,ČSFD person ID,60,
http://www.wikidata.org/prop/direct/P11182,UOM ID,60,
http://www.wikidata.org/prop/direct/P8385,IDU person ID,59,
http://www.wikidata.org/prop/direct/P1607,Dialnet author ID,58,
http://www.wikidata.org/prop/direct/P1899,LibriVox author ID,58,
http://www.wikidata.org/prop/direct/P9985,EMBO member ID,57,
http://www.wikidata.org/prop/direct/P13022,Koha Kütüphane ID,57,
http://www.wikidata.org/prop/direct/P5905,Comic Vine ID,56,
http://www.wikidata.org/prop/direct/P8496,Archive Site Trinity College Cambridge ID,56,
http://www.wikidata.org/prop/direct/P8795,Diamond Catalog ID for persons and organisations,56,
http://www.wikidata.org/prop/direct/P9545,Encyclopedia of China (Second Edition) ID,56,
http://www.wikidata.org/prop/direct/P11155,Municipal Library of Trikala ID,56,
http://www.wikidata.org/prop/direct/P135,movement,55,
http://www.wikidata.org/prop/direct/P13437,Chtyvo author ID,55,
http://www.wikidata.org/prop/direct/P1289,Kritisches Lexikon zur fremdsprachigen Gegenwartsliteratur ID,54,
http://www.wikidata.org/prop/direct/P5329,ARMB member ID,54,
http://www.wikidata.org/prop/direct/P3956,National Academy of Medicine (France) member ID,53,
http://www.wikidata.org/prop/direct/P8880,AstroGen ID,53,
http://www.wikidata.org/prop/direct/P3788,BNMM authority ID,52,
http://www.wikidata.org/prop/direct/P4862,Amazon author ID,52,
http://www.wikidata.org/prop/direct/P7026,Lebanese National Library ID,52,
http://www.wikidata.org/prop/direct/P13019,RedBA Granada authority ID,52,
http://www.wikidata.org/prop/direct/P4431,Google Doodle,51,
http://www.wikidata.org/prop/direct/P4839,Wolfram Language entity code,51,
http://www.wikidata.org/prop/direct/P8974,SAPA ID,51,
http://www.wikidata.org/prop/direct/P5821,ArhivX LOD ID,50,
http://www.wikidata.org/prop/direct/P10527,documentation files at,50,
http://www.wikidata.org/prop/direct/P2639,Filmportal ID,49,
http://www.wikidata.org/prop/direct/P4252,All-Russian Mathematical Portal ID,49,
http://www.wikidata.org/prop/direct/P2454,KNAW past member ID,48,
http://www.wikidata.org/prop/direct/P4104,Carnegie Hall agent ID,48,
http://www.wikidata.org/prop/direct/P4359,gravsted.dk ID,48,
http://www.wikidata.org/prop/direct/P4590,Atomic Heritage Foundation ID,48,
http://www.wikidata.org/prop/direct/P1416,affiliation,47,
http://www.wikidata.org/prop/direct/P10069,Tabakalera ID,47,
http://www.wikidata.org/prop/direct/P10297,Google Arts & Culture entity ID,47,
http://www.wikidata.org/prop/direct/P7502,Golden ID,46,
http://www.wikidata.org/prop/direct/P8899,Swedish National Library Arken ID,46,
http://www.wikidata.org/prop/direct/P9097,American Academy in Rome ID,46,
http://www.wikidata.org/prop/direct/P12836,Douban personage ID,46,
http://www.wikidata.org/prop/direct/P803,professorship,45,
http://www.wikidata.org/prop/direct/P1819,genealogics.org person ID,45,
http://www.wikidata.org/prop/direct/P2650,interested in,45,
http://www.wikidata.org/prop/direct/P6441,Douban author ID,45,
http://www.wikidata.org/prop/direct/P6683,Alexander Turnbull Library ID,45,
http://www.wikidata.org/prop/direct/P7212,LyricsTranslate ID,45,
http://www.wikidata.org/prop/direct/P11156,MMB ID,45,
http://www.wikidata.org/prop/direct/P443,pronunciation audio,44,
http://www.wikidata.org/prop/direct/P1220,Internet Broadway Database person ID,44,
http://www.wikidata.org/prop/direct/P1225,U.S. National Archives Identifier,44,
http://www.wikidata.org/prop/direct/P5504,RISM ID,44,
http://www.wikidata.org/prop/direct/P12086,WikiKids ID,44,
http://www.wikidata.org/prop/direct/P902,HDS ID,43,
http://www.wikidata.org/prop/direct/P1711,British Museum person or institution ID,43,
http://www.wikidata.org/prop/direct/P9141,Portal da Literatura ID,43,
http://www.wikidata.org/prop/direct/P1971,number of children,42,
http://www.wikidata.org/prop/direct/P9044,GEPRIS Historisch person ID,42,
http://www.wikidata.org/prop/direct/P6235,Académie royale de Belgique member ID,41,
http://www.wikidata.org/prop/direct/P8153,Accademia delle Scienze di Torino ID,41,
http://www.wikidata.org/prop/direct/P1026,academic thesis,40,
http://www.wikidata.org/prop/direct/P1299,depicted by,40,
http://www.wikidata.org/prop/direct/P2966,National Library of Wales Authority ID,40,
http://www.wikidata.org/prop/direct/P5468,Historia de la Medicina person ID,40,
http://www.wikidata.org/prop/direct/P8833,Union Catalog of Armenian Libraries authority ID,40,
http://www.wikidata.org/prop/direct/P947,RSL ID (person),39,
http://www.wikidata.org/prop/direct/P3468,National Inventors Hall of Fame ID,39,
http://www.wikidata.org/prop/direct/P8914,ZOBODAT person ID,39,
http://www.wikidata.org/prop/direct/P10298,Sceneweb artist ID,39,
http://www.wikidata.org/prop/direct/P11158,Dimitri and Aliki Perrotis Central Library ID,39,
http://www.wikidata.org/prop/direct/P2191,Vegetti Catalog of Fantastic Literature NILF ID,38,
http://www.wikidata.org/prop/direct/P2732,Persée author ID,38,
http://www.wikidata.org/prop/direct/P6058,Larousse ID,38,
http://www.wikidata.org/prop/direct/P8081,WBIS ID,38,
http://www.wikidata.org/prop/direct/P793,significant event,37,
http://www.wikidata.org/prop/direct/P8832,PAN member,37,
http://www.wikidata.org/prop/direct/P9802,Penguin Random House author ID,37,
http://www.wikidata.org/prop/direct/P1670,Canadiana Authorities ID (former scheme),36,
http://www.wikidata.org/prop/direct/P4012,Semantic Scholar author ID,36,
http://www.wikidata.org/prop/direct/P6173,Bitraga author ID,36,
http://www.wikidata.org/prop/direct/P6698,Japan Search name ID,36,
http://www.wikidata.org/prop/direct/P701,Dodis ID,35,
http://www.wikidata.org/prop/direct/P2435,PORT person ID,35,
http://www.wikidata.org/prop/direct/P5414,The Paris Review interviewee ID,35,
http://www.wikidata.org/prop/direct/P5419,NYRB contributor ID,35,
http://www.wikidata.org/prop/direct/P6282,French Academy of Sciences member ID,35,
http://www.wikidata.org/prop/direct/P12502,UCA authority ID,35,
http://www.wikidata.org/prop/direct/P1050,medical condition,34,
http://www.wikidata.org/prop/direct/P3782,Artnet artist ID,34,
http://www.wikidata.org/prop/direct/P5068,Flanders Arts Institute person ID,34,
http://www.wikidata.org/prop/direct/P5859,Adelphi author ID,34,
http://www.wikidata.org/prop/direct/P7574,Swedish Royal Theater Archive,34,
http://www.wikidata.org/prop/direct/P7578,DUC ID,34,
http://www.wikidata.org/prop/direct/P9164,Svenska Institutet i Rom ID,34,
http://www.wikidata.org/prop/direct/P12674,Kunstenpunt Knowledge Graph ID,34,
http://www.wikidata.org/prop/direct/P97,noble title,33,
http://www.wikidata.org/prop/direct/P245,Union List of Artist Names ID,33,
http://www.wikidata.org/prop/direct/P4215,nLab ID,33,
http://www.wikidata.org/prop/direct/P6722,FemBio ID,33,
http://www.wikidata.org/prop/direct/P11239,DFK Paris person ID,33,
http://www.wikidata.org/prop/direct/P12614,az.lib.ru author ID,33,
http://www.wikidata.org/prop/direct/P2168,Swedish Film Database person ID,32,
http://www.wikidata.org/prop/direct/P2941,Munk's Roll ID,32,
http://www.wikidata.org/prop/direct/P6488,Enciclopedia delle donne ID,32,
http://www.wikidata.org/prop/direct/P7024,Flemish Public Libraries ID,32,
http://www.wikidata.org/prop/direct/P5570,NooSFere author ID,31,
http://www.wikidata.org/prop/direct/P7753,Projekt Gutenberg-DE author ID,31,
http://www.wikidata.org/prop/direct/P7842,Vienna History Wiki ID,31,
http://www.wikidata.org/prop/direct/P9626,Biographical Encyclopedia of Astronomers ID,31,
http://www.wikidata.org/prop/direct/P9995,MYmovies person ID,31,
http://www.wikidata.org/prop/direct/P10707,AccessScience ID,31,
http://www.wikidata.org/prop/direct/P1327,partner in business or sport,30,
http://www.wikidata.org/prop/direct/P1814,name in kana,30,
http://www.wikidata.org/prop/direct/P2019,AllMovie person ID,30,
http://www.wikidata.org/prop/direct/P2032,work period (end),30,
http://www.wikidata.org/prop/direct/P5341,Poetry Foundation ID,30,
http://www.wikidata.org/prop/direct/P9594,Bodleian Archives & Manuscripts person ID,30,
http://www.wikidata.org/prop/direct/P13051,CIRDOC author ID,30,
http://www.wikidata.org/prop/direct/P172,ethnic group,29,
http://www.wikidata.org/prop/direct/P451,unmarried partner,29,
http://www.wikidata.org/prop/direct/P1266,AlloCiné person ID,29,
http://www.wikidata.org/prop/direct/P2469,Theatricalia person ID,29,
http://www.wikidata.org/prop/direct/P3342,significant person,29,
http://www.wikidata.org/prop/direct/P5695,Bibliopoche author ID,29,
http://www.wikidata.org/prop/direct/P9179,Biblioteca Iglesia Nacional Española en Roma ID,29,
http://www.wikidata.org/prop/direct/P2273,HAdW member ID,28,
http://www.wikidata.org/prop/direct/P270,CALIS ID,27,
http://www.wikidata.org/prop/direct/P2604,Kinopoisk person ID,27,
http://www.wikidata.org/prop/direct/P5357,Encyclopedia of Science Fiction ID,27,
http://www.wikidata.org/prop/direct/P6231,BDELIS ID,27,
http://www.wikidata.org/prop/direct/P9178,Biblioteca Franco Serantini ID,27,
http://www.wikidata.org/prop/direct/P1563,MacTutor biography ID,26,
http://www.wikidata.org/prop/direct/P4343,WBPLN author ID,26,
http://www.wikidata.org/prop/direct/P4819,Swedish Portrait Archive ID,26,
http://www.wikidata.org/prop/direct/P5415,Whonamedit? doctor ID,26,
http://www.wikidata.org/prop/direct/P7796,BeWeb person ID,26,
http://www.wikidata.org/prop/direct/P9466,Gyldendals Teaterleksikon ID,26,
http://www.wikidata.org/prop/direct/P13455,Dezède person ID,26,
http://www.wikidata.org/prop/direct/P5243,Canal-U person ID,25,
http://www.wikidata.org/prop/direct/P6327,Goodreads character ID,25,
http://www.wikidata.org/prop/direct/P6424,affiliation string,25,
http://www.wikidata.org/prop/direct/P7847,DigitaltMuseum ID,25,
http://www.wikidata.org/prop/direct/P8309,Yle topic ID,25,
http://www.wikidata.org/prop/direct/P9495,National Historical Museums of Sweden ID,25,
http://www.wikidata.org/prop/direct/P13030,Münzkabinett ID,25,
http://www.wikidata.org/prop/direct/P4399,Itaú Cultural ID,24,
http://www.wikidata.org/prop/direct/P10886,Austria-Forum person ID,24,
http://www.wikidata.org/prop/direct/P12749,SNARC ID,24,
http://www.wikidata.org/prop/direct/P241,military branch,23,
http://www.wikidata.org/prop/direct/P839,IMSLP ID,23,
http://www.wikidata.org/prop/direct/P2671,Google Knowledge Graph ID,23,
http://www.wikidata.org/prop/direct/P4200,Christie's creator ID,23,
http://www.wikidata.org/prop/direct/P5613,Bibliothèque de la Pléiade ID,23,
http://www.wikidata.org/prop/direct/P5705,Los Angeles Review of Books author ID,23,
http://www.wikidata.org/prop/direct/P5882,Muziekweb performer ID,23,
http://www.wikidata.org/prop/direct/P7039,National Library of Iceland ID,23,
http://www.wikidata.org/prop/direct/P8848,CONOR.AL ID,23,
http://www.wikidata.org/prop/direct/P650,RKDartists ID,22,
http://www.wikidata.org/prop/direct/P651,Biografisch Portaal van Nederland ID,22,
http://www.wikidata.org/prop/direct/P1248,KulturNav-ID,22,
http://www.wikidata.org/prop/direct/P2002,X (Twitter) username,22,
http://www.wikidata.org/prop/direct/P2038,ResearchGate profile ID,22,
http://www.wikidata.org/prop/direct/P2850,Apple Music artist ID (U.S. version),22,
http://www.wikidata.org/prop/direct/P3051,Kindred Britain ID,22,
http://www.wikidata.org/prop/direct/P3553,Zhihu topic ID,22,
http://www.wikidata.org/prop/direct/P4666,CineMagia person ID,22,
http://www.wikidata.org/prop/direct/P8219,ASUT ID,22,
http://www.wikidata.org/prop/direct/P10021,UAE University Libraries ID,22,
http://www.wikidata.org/prop/direct/P10861,Springer Nature person ID,22,
http://www.wikidata.org/prop/direct/P53,family,21,
http://www.wikidata.org/prop/direct/P2861,Leidse Hoogleraren ID,21,
http://www.wikidata.org/prop/direct/P4638,The Peerage person ID,21,
http://www.wikidata.org/prop/direct/P5421,Trading Card Database person ID,21,
http://www.wikidata.org/prop/direct/P8125,Fandango person ID,21,
http://www.wikidata.org/prop/direct/P8290,Archivio Storico Ricordi person ID,21,
http://www.wikidata.org/prop/direct/P9081,SEARCH on line catalogue ID,21,
http://www.wikidata.org/prop/direct/P9556,LTit person ID,21,
http://www.wikidata.org/prop/direct/P2626,Danish National Filmography person ID,20,
http://www.wikidata.org/prop/direct/P3919,contributed to creative work,20,
http://www.wikidata.org/prop/direct/P4124,Who's Who in France biography ID,20,
http://www.wikidata.org/prop/direct/P4432,Artists of the World ID,20,
http://www.wikidata.org/prop/direct/P4927,Invaluable.com person ID,20,
http://www.wikidata.org/prop/direct/P5343,Poets.org poet ID,20,
http://www.wikidata.org/prop/direct/P5909,HKCAN ID,20,
http://www.wikidata.org/prop/direct/P7208,Liber Liber author ID,20,
http://www.wikidata.org/prop/direct/P9707,GCD creator ID,20,
http://www.wikidata.org/prop/direct/P11386,Listal ID,20,
http://www.wikidata.org/prop/direct/P13408,National Academy of Engineering member ID,20,
http://www.wikidata.org/prop/direct/P640,Léonore ID,19,
http://www.wikidata.org/prop/direct/P1424,topic's main template,19,
http://www.wikidata.org/prop/direct/P2190,C-SPAN person string ID (deprecated),19,
http://www.wikidata.org/prop/direct/P3074,Grace's Guide ID,19,
http://www.wikidata.org/prop/direct/P3602,candidacy in election,19,
http://www.wikidata.org/prop/direct/P4228,Encyclopedia of Australian Science ID,19,
http://www.wikidata.org/prop/direct/P5370,Entomologists of the World ID,19,
http://www.wikidata.org/prop/direct/P5552,CNRS Talent page,19,
http://www.wikidata.org/prop/direct/P7142,Poincaré Papers person ID,19,
http://www.wikidata.org/prop/direct/P9212,Dizionario biografico online degli anarchici italiani ID,19,
http://www.wikidata.org/prop/direct/P9541,MacArthur Fellows Program ID,19,
http://www.wikidata.org/prop/direct/P10307,CYT/CCS,19,
http://www.wikidata.org/prop/direct/P11152,Léonore Web ID,19,
http://www.wikidata.org/prop/direct/P1303,instrument,18,
http://www.wikidata.org/prop/direct/P3475,SANU member ID,18,
http://www.wikidata.org/prop/direct/P4114,ADK member ID,18,
http://www.wikidata.org/prop/direct/P5489,artist-info artist ID,18,
http://www.wikidata.org/prop/direct/P7545,askArt person ID,18,
http://www.wikidata.org/prop/direct/P8687,social media followers,18,
http://www.wikidata.org/prop/direct/P8885,Namuwiki ID,18,
http://www.wikidata.org/prop/direct/P10660,C-SPAN person numeric ID,18,
http://www.wikidata.org/prop/direct/P10883,The Encyclopedia of Fantasy ID,18,
http://www.wikidata.org/prop/direct/P13226,Hessian Biography person (GND) ID,18,
http://www.wikidata.org/prop/direct/P1053,ResearcherID,17,
http://www.wikidata.org/prop/direct/P2533,WomenWriters ID,17,
http://www.wikidata.org/prop/direct/P2538,Nationalmuseum Sweden ID,17,
http://www.wikidata.org/prop/direct/P3226,HAS member ID,17,
http://www.wikidata.org/prop/direct/P4457,DAHR artist ID,17,
http://www.wikidata.org/prop/direct/P6817,SVT Play ID,17,
http://www.wikidata.org/prop/direct/P6868,Hoopla artist ID,17,
http://www.wikidata.org/prop/direct/P7311,Aozora Bunko author ID,17,
http://www.wikidata.org/prop/direct/P7433,FantLab author ID,17,
http://www.wikidata.org/prop/direct/P7507,Ben Yehuda author ID,17,
http://www.wikidata.org/prop/direct/P7744,Mille Anni di Scienza in Italia ID,17,
http://www.wikidata.org/prop/direct/P7993,Treccani's Dizionario di Filosofia ID,17,
http://www.wikidata.org/prop/direct/P8172,Sejm-Wielki.pl profile ID,17,
http://www.wikidata.org/prop/direct/P9661,EBAF authority ID,17,
http://www.wikidata.org/prop/direct/P10133,Russian Academy of Sciences person ID,17,
http://www.wikidata.org/prop/direct/P10757,Personality Database profile ID,17,
http://www.wikidata.org/prop/direct/P11041,kulturstiftung.org person ID,17,
http://www.wikidata.org/prop/direct/P11120,Rai Teche person ID,17,
http://www.wikidata.org/prop/direct/P12153,FilmAffinity person ID,17,
http://www.wikidata.org/prop/direct/P898,IPA transcription,16,
http://www.wikidata.org/prop/direct/P989,spoken text audio,16,
http://www.wikidata.org/prop/direct/P1003,National Library of Romania ID,16,
http://www.wikidata.org/prop/direct/P2944,Plarr ID,16,
http://www.wikidata.org/prop/direct/P4514,Africultures person ID,16,
http://www.wikidata.org/prop/direct/P4613,Encyclopedia of Modern Ukraine ID,16,
http://www.wikidata.org/prop/direct/P4813,PARES ID,16,
http://www.wikidata.org/prop/direct/P9226,ARAE ID,16,
http://www.wikidata.org/prop/direct/P1871,CERL Thesaurus ID,15,
http://www.wikidata.org/prop/direct/P1986,Treccani's Biographical Dictionary of Italian People ID,15,
http://www.wikidata.org/prop/direct/P2632,place of detention,15,
http://www.wikidata.org/prop/direct/P5441,Encyclopaedia Herder person ID,15,
http://www.wikidata.org/prop/direct/P5491,BD Gest' author ID,15,
http://www.wikidata.org/prop/direct/P6578,MutualArt artist ID,15,
http://www.wikidata.org/prop/direct/P6781,ProofWiki ID,15,
http://www.wikidata.org/prop/direct/P8044,Frankfurter Personenlexikon ID,15,
http://www.wikidata.org/prop/direct/P8547,BHF author ID,15,
http://www.wikidata.org/prop/direct/P8870,Hyperion Records person ID,15,
http://www.wikidata.org/prop/direct/P11683,Ivi person ID,15,
http://www.wikidata.org/prop/direct/P410,military or police rank,14,
http://www.wikidata.org/prop/direct/P1813,short name,14,
http://www.wikidata.org/prop/direct/P2611,TED speaker ID,14,
http://www.wikidata.org/prop/direct/P2750,Photographers’ Identities Catalog ID,14,
http://www.wikidata.org/prop/direct/P3829,Publons author ID,14,
http://www.wikidata.org/prop/direct/P3973,PIM authority ID,14,
http://www.wikidata.org/prop/direct/P4539,Collective Biographies of Women ID,14,
http://www.wikidata.org/prop/direct/P5390,Classiques des sciences sociales ID,14,
http://www.wikidata.org/prop/direct/P6745,Orlando author ID,14,
http://www.wikidata.org/prop/direct/P7745,Movie Walker Press person ID,14,
http://www.wikidata.org/prop/direct/P8805,LIMIS person ID,14,
http://www.wikidata.org/prop/direct/P8971,Cinémathèque québécoise person ID,14,
http://www.wikidata.org/prop/direct/P9058,Fichier des personnes décédées ID (matchID),14,
http://www.wikidata.org/prop/direct/P9885,Bing entity ID,14,
http://www.wikidata.org/prop/direct/P66,ancestral home,13,
http://www.wikidata.org/prop/direct/P511,honorific prefix,13,
http://www.wikidata.org/prop/direct/P2013,Facebook username,13,
http://www.wikidata.org/prop/direct/P2042,Artsy artist ID,13,
http://www.wikidata.org/prop/direct/P2342,AGORHA person/institution ID,13,
http://www.wikidata.org/prop/direct/P4389,Science Museum people ID,13,
http://www.wikidata.org/prop/direct/P4657,The Numbers person ID,13,
http://www.wikidata.org/prop/direct/P5340,American Film Institute person ID,13,
http://www.wikidata.org/prop/direct/P5337,Google News topics ID,13,
http://www.wikidata.org/prop/direct/P6174,The World Academy of Sciences fellow ID,13,
http://www.wikidata.org/prop/direct/P6872,has written for,13,
http://www.wikidata.org/prop/direct/P8591,Grove Music Online ID,13,
http://www.wikidata.org/prop/direct/P12975,Lexikon der Mathematik entry ID,13,
http://www.wikidata.org/prop/direct/P863,InPhO ID,12,
http://www.wikidata.org/prop/direct/P1728,AllMusic artist ID,12,
http://www.wikidata.org/prop/direct/P2387,Elonet person ID,12,
http://www.wikidata.org/prop/direct/P2519,Scope.dk person ID,12,
http://www.wikidata.org/prop/direct/P3221,New York Times topic ID,12,
http://www.wikidata.org/prop/direct/P3217,Dictionary of Swedish National Biography ID,12,
http://www.wikidata.org/prop/direct/P3411,Saxon Academy of Sciences member ID,12,
http://www.wikidata.org/prop/direct/P5101,Swedish Literature Bank Author ID,12,
http://www.wikidata.org/prop/direct/P5395,Canadian Encyclopedia article ID,12,
http://www.wikidata.org/prop/direct/P5408,Fantastic Fiction author ID,12,
http://www.wikidata.org/prop/direct/P5502,LRB contributor ID,12,
http://www.wikidata.org/prop/direct/P5516,Virtual Laboratory person ID,12,
http://www.wikidata.org/prop/direct/P5645,Académie française award winner ID,12,
http://www.wikidata.org/prop/direct/P5664,Savoirs ENS ID,12,
http://www.wikidata.org/prop/direct/P5964,Norwegian Nationaltheatret actor ID,12,
http://www.wikidata.org/prop/direct/P6262,Fandom article ID,12,
http://www.wikidata.org/prop/direct/P6264,Harvard Index of Botanists ID,12,
http://www.wikidata.org/prop/direct/P6479,IEEE Xplore author ID,12,
http://www.wikidata.org/prop/direct/P7444,Rijksmuseum Research Library authority ID,12,
http://www.wikidata.org/prop/direct/P8238,Bibliography of the History of Slovakia ID,12,
http://www.wikidata.org/prop/direct/P8341,Dansk Biografisk Leksikon ID,12,
http://www.wikidata.org/prop/direct/P9322,SVKKL authority ID,12,
http://www.wikidata.org/prop/direct/P9880,Festivaletteratura person ID,12,
http://www.wikidata.org/prop/direct/P9965,Musik-Sammler.de artist ID,12,
http://www.wikidata.org/prop/direct/P11826,Media Library for Dance and Theatre person ID,12,
http://www.wikidata.org/prop/direct/P11936,Biblioteca centrale Cappuccini authority ID,12,
http://www.wikidata.org/prop/direct/P1087,Elo rating,11,
http://www.wikidata.org/prop/direct/P1950,second family name in Spanish name,11,
http://www.wikidata.org/prop/direct/P2450,Encyclopædia Britannica contributor ID,11,
http://www.wikidata.org/prop/direct/P2638,TV.com ID,11,
http://www.wikidata.org/prop/direct/P3544,Te Papa agent ID,11,
http://www.wikidata.org/prop/direct/P3980,Unifrance person ID,11,
http://www.wikidata.org/prop/direct/P4491,Isidore scholar ID,11,
http://www.wikidata.org/prop/direct/P4602,date of burial or cremation,11,
http://www.wikidata.org/prop/direct/P5056,patronym or matronym,11,
http://www.wikidata.org/prop/direct/P6873,IntraText author ID,11,
http://www.wikidata.org/prop/direct/P7445,Basis Wien person ID,11,
http://www.wikidata.org/prop/direct/P8248,Colon Classification,11,
http://www.wikidata.org/prop/direct/P9223,Provenio UUID,11,
http://www.wikidata.org/prop/direct/P9352,Portrait Archive ID,11,
http://www.wikidata.org/prop/direct/P9467,IAU member ID (archived),11,
http://www.wikidata.org/prop/direct/P9662,LdiF person ID,11,
http://www.wikidata.org/prop/direct/P9776,e-Rad researcher number,11,
http://www.wikidata.org/prop/direct/P10540,TASS Encyclopedia person ID,11,
http://www.wikidata.org/prop/direct/P11828,Marsilio Editori author ID,11,
http://www.wikidata.org/prop/direct/P1449,nickname,10,
http://www.wikidata.org/prop/direct/P2268,Musée d'Orsay artist ID,10,
http://www.wikidata.org/prop/direct/P2373,Genius artist ID,10,
http://www.wikidata.org/prop/direct/P4553,RA Collections ID,10,
http://www.wikidata.org/prop/direct/P4724,Maitron ID,10,
http://www.wikidata.org/prop/direct/P4872,GEPRIS person ID,10,
http://www.wikidata.org/prop/direct/P5298,Webb-site person ID,10,
http://www.wikidata.org/prop/direct/P5297,Companies House officer ID,10,
http://www.wikidata.org/prop/direct/P5478,RPO poet ID,10,
http://www.wikidata.org/prop/direct/P6023,ResearchGate contributions ID,10,
http://www.wikidata.org/prop/direct/P6275,copyright representative,10,
http://www.wikidata.org/prop/direct/P6702,Shanghai Library person ID,10,
http://www.wikidata.org/prop/direct/P7941,Biografisch Woordenboek van Nederland: 1880-2000 ID,10,
http://www.wikidata.org/prop/direct/P8896,Concise Literary Encyclopedia ID,10,
http://www.wikidata.org/prop/direct/P9346,France 24 topic ID (French),10,
http://www.wikidata.org/prop/direct/P9522,Biblioteca di Santa Sabina ID,10,
http://www.wikidata.org/prop/direct/P10469,HaBima Archive person ID,10,
http://www.wikidata.org/prop/direct/P641,sport,9,
http://www.wikidata.org/prop/direct/P951,NSZL (VIAF) ID,9,
http://www.wikidata.org/prop/direct/P1455,list of works,9,
http://www.wikidata.org/prop/direct/P1564,At the Circulating Library ID,9,
http://www.wikidata.org/prop/direct/P1599,Cambridge Alumni Database ID,9,
http://www.wikidata.org/prop/direct/P1902,Spotify artist ID,9,
http://www.wikidata.org/prop/direct/P1988,Le Delarge artist ID,9,
http://www.wikidata.org/prop/direct/P2011,Cooper Hewitt person ID,9,
http://www.wikidata.org/prop/direct/P3133,NSZL name authority ID,9,
http://www.wikidata.org/prop/direct/P3192,Last.fm ID,9,
http://www.wikidata.org/prop/direct/P3478,Songkick artist ID,9,
http://www.wikidata.org/prop/direct/P4527,UK Parliament thesaurus ID,9,
http://www.wikidata.org/prop/direct/P5029,Researchmap ID,9,
http://www.wikidata.org/prop/direct/P5344,Printemps des poètes poet ID,9,
http://www.wikidata.org/prop/direct/P5430,Poetry International Web poet ID,9,
http://www.wikidata.org/prop/direct/P5776,Arnet Miner author ID,9,
http://www.wikidata.org/prop/direct/P6621,Le Figaro tag ID,9,
http://www.wikidata.org/prop/direct/P7783,J-GLOBAL ID,9,
http://www.wikidata.org/prop/direct/P8317,Philadelphia Museum of Art entity ID,9,
http://www.wikidata.org/prop/direct/P8669,Encyclopaedia Beliana ID,9,
http://www.wikidata.org/prop/direct/P8951,Order of Canada recipient ID,9,
http://www.wikidata.org/prop/direct/P9160,Biographical Dictionary of the Czech Lands ID,9,
http://www.wikidata.org/prop/direct/P9459,Rekhta author ID,9,
http://www.wikidata.org/prop/direct/P586,IPNI author ID,8,
http://www.wikidata.org/prop/direct/P428,botanist author abbreviation,8,
http://www.wikidata.org/prop/direct/P1552,has characteristic,8,
http://www.wikidata.org/prop/direct/P1576,lifestyle,8,
http://www.wikidata.org/prop/direct/P2015,Hansard (1803–2005) ID,8,
http://www.wikidata.org/prop/direct/P2843,Benezit ID,8,
http://www.wikidata.org/prop/direct/P2868,subject has role,8,
http://www.wikidata.org/prop/direct/P2943,warheroes.ru ID,8,
http://www.wikidata.org/prop/direct/P3106,Guardian topic ID,8,
http://www.wikidata.org/prop/direct/P3965,Bridgeman artist ID,8,
http://www.wikidata.org/prop/direct/P4717,Académie française member ID,8,
http://www.wikidata.org/prop/direct/P5306,LONSEA ID,8,
http://www.wikidata.org/prop/direct/P5365,Internet Book Database of Fiction writer ID,8,
http://www.wikidata.org/prop/direct/P5418,Pasteur Institute person ID,8,
http://www.wikidata.org/prop/direct/P6081,RIA Novosti reference,8,
http://www.wikidata.org/prop/direct/P6194,Austrian Biographical Encyclopedia ID,8,
http://www.wikidata.org/prop/direct/P6214,Jewish Museum Berlin person ID,8,
http://www.wikidata.org/prop/direct/P6234,Biographie nationale de Belgique ID,8,
http://www.wikidata.org/prop/direct/P6829,Dictionary of Irish Biography ID,8,
http://www.wikidata.org/prop/direct/P7084,related category,8,
http://www.wikidata.org/prop/direct/P7466,Edvard Munch's correspondence person ID,8,
http://www.wikidata.org/prop/direct/P7520,Filmový přehled person ID,8,
http://www.wikidata.org/prop/direct/P8446,Gateway to Research person ID,8,
http://www.wikidata.org/prop/direct/P8580,NHK Archives Portal person ID,8,
http://www.wikidata.org/prop/direct/P8992,1914-1918-Online ID,8,
http://www.wikidata.org/prop/direct/P9534,Biblioteche della Custodia di Terra Santa a Gerusalemme ID,8,
http://www.wikidata.org/prop/direct/P9575,Australian Music Centre artist ID,8,
http://www.wikidata.org/prop/direct/P10033,Biografija.ru ID,8,
http://www.wikidata.org/prop/direct/P10849,Beamish peerage database person ID,8,
http://www.wikidata.org/prop/direct/P10881,Kieler Gelehrtenverzeichnis ID,8,
http://www.wikidata.org/prop/direct/P11818,Modern History Database person ID,8,
http://www.wikidata.org/prop/direct/P12430,The StoryGraph author ID,8,
http://www.wikidata.org/prop/direct/P361,part of,7,
http://www.wikidata.org/prop/direct/P990,audio recording of the subject's spoken voice,7,
http://www.wikidata.org/prop/direct/P1260,Swedish Open Cultural Heritage URI,7,
http://www.wikidata.org/prop/direct/P1288,Kritisches Lexikon der Gegenwartsliteratur ID,7,
http://www.wikidata.org/prop/direct/P1317,floruit,7,
http://www.wikidata.org/prop/direct/P1441,present in work,7,
http://www.wikidata.org/prop/direct/P1651,YouTube video ID,7,
http://www.wikidata.org/prop/direct/P2174,Museum of Modern Art artist ID,7,
http://www.wikidata.org/prop/direct/P2252,National Gallery of Art artist ID,7,
http://www.wikidata.org/prop/direct/P2581,BabelNet ID,7,
http://www.wikidata.org/prop/direct/P2798,Loop ID,7,
http://www.wikidata.org/prop/direct/P2862,Catalogus Professorum Academiae Rheno-Traiectinae ID,7,
http://www.wikidata.org/prop/direct/P2959,permanent duplicated item,7,
http://www.wikidata.org/prop/direct/P3204,Ciné-Ressources person ID,7,
http://www.wikidata.org/prop/direct/P3232,PhilPapers author ID,7,
http://www.wikidata.org/prop/direct/P3603,Minneapolis Institute of Art constituent ID,7,
http://www.wikidata.org/prop/direct/P3887,KVAB member ID,7,
http://www.wikidata.org/prop/direct/P3997,Bait La Zemer Ha-Ivri artist ID,7,
http://www.wikidata.org/prop/direct/P4459,Spanish Biographical Dictionary ID,7,
http://www.wikidata.org/prop/direct/P4808,Royal Academy new identifier,7,
http://www.wikidata.org/prop/direct/P4992,DBA ID,7,
http://www.wikidata.org/prop/direct/P5021,assessment,7,
http://www.wikidata.org/prop/direct/P5080,Norsk biografisk leksikon ID,7,
http://www.wikidata.org/prop/direct/P5404,Rate Your Music artist ID,7,
http://www.wikidata.org/prop/direct/P5443,Collège de France professor ID,7,
http://www.wikidata.org/prop/direct/P5503,Poetry Society of America poet ID,7,
http://www.wikidata.org/prop/direct/P5534,Open Media Database person ID,7,
http://www.wikidata.org/prop/direct/P5541,Paris Faculty of Science professor ID,7,
http://www.wikidata.org/prop/direct/P5618,LOA ID,7,
http://www.wikidata.org/prop/direct/P6404,Treccani's Dizionario di Storia ID,7,
http://www.wikidata.org/prop/direct/P6944,Bionomia ID,7,
http://www.wikidata.org/prop/direct/P7349,Gazetteer for Scotland person ID,7,
http://www.wikidata.org/prop/direct/P8130,Internetowy Polski Słownik Biograficzny ID,7,
http://www.wikidata.org/prop/direct/P8207,The Conversation author ID,7,
http://www.wikidata.org/prop/direct/P8413,academic appointment,7,
http://www.wikidata.org/prop/direct/P8998,Magyar életrajzi lexikon ID,7,
http://www.wikidata.org/prop/direct/P9049,ICCD agent ID,7,
http://www.wikidata.org/prop/direct/P9113,Patrinum ID,7,
http://www.wikidata.org/prop/direct/P9159,People Australia ID,7,
http://www.wikidata.org/prop/direct/P9287,Cyprus Bibliography ID,7,
http://www.wikidata.org/prop/direct/P9337,Keratsini-Drapetsona libraries' catalogue authority ID,7,
http://www.wikidata.org/prop/direct/P9493,artist files at,7,
http://www.wikidata.org/prop/direct/P9743,Podchaser creator ID,7,
http://www.wikidata.org/prop/direct/P9863,Gujarati Vishwakosh entry,7,
http://www.wikidata.org/prop/direct/P9871,INAPP author ID,7,
http://www.wikidata.org/prop/direct/P10018,George Eastman Museum people ID,7,
http://www.wikidata.org/prop/direct/P10632,OpenSanctions ID,7,
http://www.wikidata.org/prop/direct/P10882,Met Constituent ID,7,
http://www.wikidata.org/prop/direct/P11143,WikiProjectMed ID,7,
http://www.wikidata.org/prop/direct/P13371,Historia Hispánica ID,7,
http://www.wikidata.org/prop/direct/P94,coat of arms image,6,
http://www.wikidata.org/prop/direct/P1048,NCL ID,6,
http://www.wikidata.org/prop/direct/P1341,Italian Chamber of Deputies dati ID,6,
http://www.wikidata.org/prop/direct/P1907,Australian Dictionary of Biography ID,6,
http://www.wikidata.org/prop/direct/P2510,National Discography of Italian Song artist/group ID,6,
http://www.wikidata.org/prop/direct/P3124,Polish scientist ID,6,
http://www.wikidata.org/prop/direct/P4272,DPLA subject term,6,
http://www.wikidata.org/prop/direct/P4521,Radio Radicale person ID,6,
http://www.wikidata.org/prop/direct/P5325,Swedish Academy member ID,6,
http://www.wikidata.org/prop/direct/P5631,Canal Académies ID,6,
http://www.wikidata.org/prop/direct/P5643,RSL author ID,6,
http://www.wikidata.org/prop/direct/P6150,Academy Awards Database nominee ID,6,
http://www.wikidata.org/prop/direct/P6645,Stedelijk Museum Amsterdam ID,6,
http://www.wikidata.org/prop/direct/P6677,OpenEdition Books author ID,6,
http://www.wikidata.org/prop/direct/P6715,SIUSA archive producer person ID,6,
http://www.wikidata.org/prop/direct/P6870,Latvian National Encyclopedia Online ID,6,
http://www.wikidata.org/prop/direct/P7671,Semion author ID (archived),6,
http://www.wikidata.org/prop/direct/P7775,RationalWiki ID,6,
http://www.wikidata.org/prop/direct/P8569,YIVO Encyclopedia of Jews in Eastern Europe ID,6,
http://www.wikidata.org/prop/direct/P8728,Nachlässe in Austria ID,6,
http://www.wikidata.org/prop/direct/P8793,Quirinale ID,6,
http://www.wikidata.org/prop/direct/P9001,Literary Encyclopedia ID,6,
http://www.wikidata.org/prop/direct/P9134,Studio di Fonologia Musicale RAI person ID,6,
http://www.wikidata.org/prop/direct/P9621,Treccani's Enciclopedia della Matematica ID,6,
http://www.wikidata.org/prop/direct/P9723,20th Century Chinese Biographical Database ID,6,
http://www.wikidata.org/prop/direct/P10234,Der Spiegel topic ID,6,
http://www.wikidata.org/prop/direct/P10266,AdoroCinema person ID,6,
http://www.wikidata.org/prop/direct/P10283,OpenAlex ID,6,
http://www.wikidata.org/prop/direct/P10376,ScienceDirect topic ID,6,
http://www.wikidata.org/prop/direct/P11137,Reddit topic ID,6,
http://www.wikidata.org/prop/direct/P11194,Famous Birthdays ID,6,
http://www.wikidata.org/prop/direct/P11518,Oroklini Library ID,6,
http://www.wikidata.org/prop/direct/P11613,SACEM Museum artist ID,6,
http://www.wikidata.org/prop/direct/P12595,National Library of Uruguay authority ID,6,
http://www.wikidata.org/prop/direct/P864,ACM Digital Library author ID,5,
http://www.wikidata.org/prop/direct/P865,BMLO ID,5,
http://www.wikidata.org/prop/direct/P1258,Rotten Tomatoes ID,5,
http://www.wikidata.org/prop/direct/P1565,Enciclopedia de la Literatura en México ID,5,
http://www.wikidata.org/prop/direct/P1830,owner of,5,
http://www.wikidata.org/prop/direct/P1828,IPI name number,5,
http://www.wikidata.org/prop/direct/P2722,Deezer artist ID,5,
http://www.wikidata.org/prop/direct/P2741,Tate artist ID,5,
http://www.wikidata.org/prop/direct/P3144,elFilm person ID,5,
http://www.wikidata.org/prop/direct/P3218,Auñamendi ID,5,
http://www.wikidata.org/prop/direct/P3874,Justia Patents inventor ID,5,
http://www.wikidata.org/prop/direct/P3885,History of Modern Biomedicine ID,5,
http://www.wikidata.org/prop/direct/P3901,ADAGP artist ID,5,
http://www.wikidata.org/prop/direct/P4285,Theses.fr person ID,5,
http://www.wikidata.org/prop/direct/P4574,Norwegian historical register of persons ID,5,
http://www.wikidata.org/prop/direct/P4663,DACS ID (former),5,
http://www.wikidata.org/prop/direct/P5002,Orthodox Encyclopedia ID,5,
http://www.wikidata.org/prop/direct/P5377,Étonnants voyageurs participant ID,5,
http://www.wikidata.org/prop/direct/P5392,Poetry Archive poet ID,5,
http://www.wikidata.org/prop/direct/P5508,archINFORM person/group ID,5,
http://www.wikidata.org/prop/direct/P5641,PRELIB person ID,5,
http://www.wikidata.org/prop/direct/P6219,TASS reference,5,
http://www.wikidata.org/prop/direct/P6255,SinemaTürk person ID,5,
http://www.wikidata.org/prop/direct/P6412,Gran Enciclopèdia de la Música ID,5,
http://www.wikidata.org/prop/direct/P6482,"Image Archive, Herder Institute",5,
http://www.wikidata.org/prop/direct/P6634,LinkedIn personal profile ID,5,
http://www.wikidata.org/prop/direct/P6815,University of Amsterdam Album Academicum ID,5,
http://www.wikidata.org/prop/direct/P6839,TV Tropes ID,5,
http://www.wikidata.org/prop/direct/P6900,NicoNicoPedia ID,5,
http://www.wikidata.org/prop/direct/P6907,BVLarramendi ID,5,
http://www.wikidata.org/prop/direct/P6984,Rupa Publications author ID,5,
http://www.wikidata.org/prop/direct/P7119,AMPAS collections person ID,5,
http://www.wikidata.org/prop/direct/P7300,MUBI person ID,5,
http://www.wikidata.org/prop/direct/P7449,NARCIS researcher ID,5,
http://www.wikidata.org/prop/direct/P7836,Livelib.ru person ID,5,
http://www.wikidata.org/prop/direct/P7848,Frick Art Research Library Artist File ID,5,
http://www.wikidata.org/prop/direct/P7874,EFIS person ID,5,
http://www.wikidata.org/prop/direct/P7918,Médias 19 ID,5,
http://www.wikidata.org/prop/direct/P7934,Irish playography person ID,5,
http://www.wikidata.org/prop/direct/P8017,generational suffix,5,
http://www.wikidata.org/prop/direct/P8116,Encyclopedia of Brno History person ID,5,
http://www.wikidata.org/prop/direct/P8287,Worlds Without End author ID,5,
http://www.wikidata.org/prop/direct/P8408,KBpedia ID,5,
http://www.wikidata.org/prop/direct/P8796,Film w prasie polskiej press collection ID,5,
http://www.wikidata.org/prop/direct/P8854,Salzburgwiki ID,5,
http://www.wikidata.org/prop/direct/P9430,Encyclopedia of Jewish Women ID,5,
http://www.wikidata.org/prop/direct/P10017,Treccani's Dizionario delle Scienze Fisiche ID,5,
http://www.wikidata.org/prop/direct/P10706,DACS ID (2022),5,
http://www.wikidata.org/prop/direct/P10916,Süddeutsche Zeitung topic ID,5,
http://www.wikidata.org/prop/direct/P11179,MSVF ID,5,
http://www.wikidata.org/prop/direct/P11408,Pixiv Encyclopedia ID,5,
http://www.wikidata.org/prop/direct/P12404,Kalliope.org author ID,5,
http://www.wikidata.org/prop/direct/P13068,Enciclopedia bresciana ID,5,
http://www.wikidata.org/prop/direct/P10,video,4,
http://www.wikidata.org/prop/direct/P237,coat of arms,4,
http://www.wikidata.org/prop/direct/P945,allegiance,4,
http://www.wikidata.org/prop/direct/P1187,Dharma Drum Institute of Liberal Arts person ID,4,
http://www.wikidata.org/prop/direct/P1321,geographic affiliation of a Swiss national,4,
http://www.wikidata.org/prop/direct/P1367,Art UK artist ID,4,
http://www.wikidata.org/prop/direct/P2080,AcademiaNet ID,4,
http://www.wikidata.org/prop/direct/P2298,NSDAP membership number (1925–1945),4,
http://www.wikidata.org/prop/direct/P2349,Stuttgart Database of Scientific Illustrators ID,4,
http://www.wikidata.org/prop/direct/P3123,Stanford Encyclopedia of Philosophy ID,4,
http://www.wikidata.org/prop/direct/P3136,elCinema person ID,4,
http://www.wikidata.org/prop/direct/P3187,Marburger Professorenkatalog ID,4,
http://www.wikidata.org/prop/direct/P3409,Catalogus Professorum Lipsiensis ID,4,
http://www.wikidata.org/prop/direct/P3945,RANM member ID,4,
http://www.wikidata.org/prop/direct/P4084,MyAnimeList people ID,4,
http://www.wikidata.org/prop/direct/P4159,WeRelate person ID,4,
http://www.wikidata.org/prop/direct/P4248,The Black Book ID,4,
http://www.wikidata.org/prop/direct/P4438,"BFI Films, TV and people ID",4,
http://www.wikidata.org/prop/direct/P4759,Luminous-Lint ID,4,
http://www.wikidata.org/prop/direct/P5184,Daum Encyclopedia ID,4,
http://www.wikidata.org/prop/direct/P5498,Base de datos de premiados person ID,4,
http://www.wikidata.org/prop/direct/P5509,MAPS poet ID,4,
http://www.wikidata.org/prop/direct/P5542,Literature Ireland ID,4,
http://www.wikidata.org/prop/direct/P5801,Academia.edu topic ID,4,
http://www.wikidata.org/prop/direct/P6200,BBC News topic ID,4,
http://www.wikidata.org/prop/direct/P6300,Hymnary author ID,4,
http://www.wikidata.org/prop/direct/P6298,bgm.tv person ID,4,
http://www.wikidata.org/prop/direct/P6351,Genius artist numeric ID,4,
http://www.wikidata.org/prop/direct/P6573,Klexikon article ID,4,
http://www.wikidata.org/prop/direct/P6921,MangaSeek person ID,4,
http://www.wikidata.org/prop/direct/P6988,Hungarian National Namespace person ID (old),4,
http://www.wikidata.org/prop/direct/P7031,Penguin India author ID,4,
http://www.wikidata.org/prop/direct/P7037,COURAGE ID,4,
http://www.wikidata.org/prop/direct/P7215,Eiga.com person ID,4,
http://www.wikidata.org/prop/direct/P7472,National Marine Biological Library  ID,4,
http://www.wikidata.org/prop/direct/P7504,Jeugdliteratuur ID,4,
http://www.wikidata.org/prop/direct/P7553,Sinemalar person ID,4,
http://www.wikidata.org/prop/direct/P7886,Media Arts Database ID,4,
http://www.wikidata.org/prop/direct/P8214,curriculum vitae URL,4,
http://www.wikidata.org/prop/direct/P8223,K-Scholar ID,4,
http://www.wikidata.org/prop/direct/P8406,Grove Art Online ID,4,
http://www.wikidata.org/prop/direct/P8518,Henrik Ibsen writings ID,4,
http://www.wikidata.org/prop/direct/P8590,Jewish Encyclopedia ID,4,
http://www.wikidata.org/prop/direct/P8748,Rheinland-Pfälzische Personendatenbank (GND) ID,4,
http://www.wikidata.org/prop/direct/P8783,AAGM person or institution ID,4,
http://www.wikidata.org/prop/direct/P8850,CONOR.KS ID,4,
http://www.wikidata.org/prop/direct/P9419,personal library at,4,
http://www.wikidata.org/prop/direct/P9507,NBM authority ID,4,
http://www.wikidata.org/prop/direct/P9600,oral history at,4,
http://www.wikidata.org/prop/direct/P9686,Classical Archives composer ID,4,
http://www.wikidata.org/prop/direct/P10031,Enciclopedia di Roma person ID,4,
http://www.wikidata.org/prop/direct/P10252,Digital Mechanism and Gear Library ID,4,
http://www.wikidata.org/prop/direct/P10844,Teresianum authority ID,4,
http://www.wikidata.org/prop/direct/P10879,Hamburger Professorinnen- und Professorenkatalog ID,4,
http://www.wikidata.org/prop/direct/P10880,Catalogus Professorum (TU Berlin) person ID,4,
http://www.wikidata.org/prop/direct/P11196,Baidu Tieba name,4,
http://www.wikidata.org/prop/direct/P11227,AniList staff ID,4,
http://www.wikidata.org/prop/direct/P11621,Hungarian National Namespace person ID (new),4,
http://www.wikidata.org/prop/direct/P11825,LiteraturPort autorenlexikon ID,4,
http://www.wikidata.org/prop/direct/P11928,Virksomme ord ID,4,
http://www.wikidata.org/prop/direct/P12046,ADVN ID,4,
http://www.wikidata.org/prop/direct/P12984,Stadtwiki Karlsruhe ID,4,
http://www.wikidata.org/prop/direct/P13377,Memoria Chilena ID,4,
http://www.wikidata.org/prop/direct/P54,member of sports team,3,
http://www.wikidata.org/prop/direct/P51,audio,3,
http://www.wikidata.org/prop/direct/P91,sexual orientation,3,
http://www.wikidata.org/prop/direct/P552,handedness,3,
http://www.wikidata.org/prop/direct/P1019,web feed URL,3,
http://www.wikidata.org/prop/direct/P1340,eye color,3,
http://www.wikidata.org/prop/direct/P1710,Sächsische Biografie (GND) ID,3,
http://www.wikidata.org/prop/direct/P2005,Catalogus Professorum Halensis ID,3,
http://www.wikidata.org/prop/direct/P2018,Teuchos ID,3,
http://www.wikidata.org/prop/direct/P2016,Catalogus Professorum Academiae Groninganae ID,3,
http://www.wikidata.org/prop/direct/P2089,Library of Congress JukeBox ID (former scheme),3,
http://www.wikidata.org/prop/direct/P2171,TheyWorkForYou ID,3,
http://www.wikidata.org/prop/direct/P2180,Kansallisbiografia ID,3,
http://www.wikidata.org/prop/direct/P2348,time period,3,
http://www.wikidata.org/prop/direct/P2549,Italian Senate of the Republic ID,3,
http://www.wikidata.org/prop/direct/P2753,Dictionary of Canadian Biography ID,3,
http://www.wikidata.org/prop/direct/P2940,Catalogus Professorum Rostochiensium ID,3,
http://www.wikidata.org/prop/direct/P3235,PhilPapers topic,3,
http://www.wikidata.org/prop/direct/P3305,KINENOTE person ID,3,
http://www.wikidata.org/prop/direct/P3509,Dagens Nyheter topic ID,3,
http://www.wikidata.org/prop/direct/P3595,Biografiskt Lexikon för Finland ID,3,
http://www.wikidata.org/prop/direct/P3708,PhDTree person ID,3,
http://www.wikidata.org/prop/direct/P3946,Dictionary Grierson ID,3,
http://www.wikidata.org/prop/direct/P3954,Senate of the Kingdom of Italy ID (obsolete),3,
http://www.wikidata.org/prop/direct/P4112,danskfilmogtv person ID,3,
http://www.wikidata.org/prop/direct/P4145,Athenaeum person ID,3,
http://www.wikidata.org/prop/direct/P4198,Google Play Music artist ID (former scheme),3,
http://www.wikidata.org/prop/direct/P4515,Prisma ID,3,
http://www.wikidata.org/prop/direct/P4620,Merkelstiftung person ID,3,
http://www.wikidata.org/prop/direct/P4854,Uppslagsverket Finland ID,3,
http://www.wikidata.org/prop/direct/P4928,Ricorso author ID,3,
http://www.wikidata.org/prop/direct/P5033,Filmweb.pl person ID,3,
http://www.wikidata.org/prop/direct/P5058,Encyklopedia Teatru Polskiego person ID,3,
http://www.wikidata.org/prop/direct/P5259,Swedish Gravestone ID,3,
http://www.wikidata.org/prop/direct/P5364,British Council writer ID,3,
http://www.wikidata.org/prop/direct/P5369,Encyclopædia Universalis author ID,3,
http://www.wikidata.org/prop/direct/P5506,Poetry In Voice poet ID,3,
http://www.wikidata.org/prop/direct/P5647,Baidu ScholarID,3,
http://www.wikidata.org/prop/direct/P5719,National Medal of Arts winner ID,3,
http://www.wikidata.org/prop/direct/P5951,ComiXology creator ID,3,
http://www.wikidata.org/prop/direct/P6119,Letterboxd actor ID,3,
http://www.wikidata.org/prop/direct/P6329,Share-VDE 1.0 author ID,3,
http://www.wikidata.org/prop/direct/P6342,Dictionnaire des Wallons ID,3,
http://www.wikidata.org/prop/direct/P6363,WordLift URL,3,
http://www.wikidata.org/prop/direct/P6414,DIZIE ID,3,
http://www.wikidata.org/prop/direct/P6517,WhoSampled artist ID,3,
http://www.wikidata.org/prop/direct/P6575,Académie de Rouen member ID,3,
http://www.wikidata.org/prop/direct/P6734,Archaeology Data Service person ID,3,
http://www.wikidata.org/prop/direct/P7028,National Library of Luxembourg ID,3,
http://www.wikidata.org/prop/direct/P7140,München Wiki article ID,3,
http://www.wikidata.org/prop/direct/P7157,The Top Tens ID,3,
http://www.wikidata.org/prop/direct/P7214,Allcinema person ID,3,
http://www.wikidata.org/prop/direct/P7284,The Independent topic ID,3,
http://www.wikidata.org/prop/direct/P7356,DC Books author ID,3,
http://www.wikidata.org/prop/direct/P7509,Estonian biographical database ID,3,
http://www.wikidata.org/prop/direct/P7803,Decine21 person ID,3,
http://www.wikidata.org/prop/direct/P7920,TheTVDB person ID,3,
http://www.wikidata.org/prop/direct/P8292,AusStage person ID,3,
http://www.wikidata.org/prop/direct/P8462,Political Graveyard politician ID,3,
http://www.wikidata.org/prop/direct/P8581,Hrvatski biografski leksikon ID,3,
http://www.wikidata.org/prop/direct/P8603,Istrapedia ID,3,
http://www.wikidata.org/prop/direct/P8625,bibliography,3,
http://www.wikidata.org/prop/direct/P8935,Encyclopedia of the History of Ukraine ID,3,
http://www.wikidata.org/prop/direct/P8953,Students of Prague Universities ID,3,
http://www.wikidata.org/prop/direct/P9231,Archivo Linz de la Transición Española ID,3,
http://www.wikidata.org/prop/direct/P9232,Obituaries Australia ID,3,
http://www.wikidata.org/prop/direct/P9324,BiographySampo person ID,3,
http://www.wikidata.org/prop/direct/P9331,Storiaememoriadibologna.it ID,3,
http://www.wikidata.org/prop/direct/P9463,MovieMeter person ID,3,
http://www.wikidata.org/prop/direct/P9482,Catalogue of the General State Archives ID,3,
http://www.wikidata.org/prop/direct/P9629,Armeniapedia ID,3,
http://www.wikidata.org/prop/direct/P9660,not found in,3,
http://www.wikidata.org/prop/direct/P9656,"Istituto Veneto di Scienze, Lettere ed Arti member ID",3,
http://www.wikidata.org/prop/direct/P9678,Franciscan Center of Christian Oriental Studies ID,3,
http://www.wikidata.org/prop/direct/P9720,fotoCH photographer ID,3,
http://www.wikidata.org/prop/direct/P9765,Great Ukrainian Encyclopedia Online ID,3,
http://www.wikidata.org/prop/direct/P9937,Postimees topic ID,3,
http://www.wikidata.org/prop/direct/P10013,SNSF person ID,3,
http://www.wikidata.org/prop/direct/P10022,Treccani's Dizionario di Medicina ID,3,
http://www.wikidata.org/prop/direct/P10163,Kinomania.ru actor ID,3,
http://www.wikidata.org/prop/direct/P10168,Zürich Herbaria collector ID,3,
http://www.wikidata.org/prop/direct/P10226,Archivio Storico dell'Università degli Studi di Cagliari person ID,3,
http://www.wikidata.org/prop/direct/P10399,St. Sergius Institute authority ID,3,
http://www.wikidata.org/prop/direct/P10713,Biografiskt Lexikon för Finland ID (urn.fi),3,
http://www.wikidata.org/prop/direct/P10789,Lithuania Minor Encyclopedia ID,3,
http://www.wikidata.org/prop/direct/P11192,Piraeus Bank Group Cultural Foundation Library (A) ID,3,
http://www.wikidata.org/prop/direct/P11834,Professor at Cologne univ. ID,3,
http://www.wikidata.org/prop/direct/P12126,HBL topic ID,3,
http://www.wikidata.org/prop/direct/P12176,Propylaeum-VITAE ID,3,
http://www.wikidata.org/prop/direct/P12355,Merkur author page,3,
http://www.wikidata.org/prop/direct/P12520,Italian Senate (1848-1943) ID,3,
http://www.wikidata.org/prop/direct/P12615,Hanslick Online person ID,3,
http://www.wikidata.org/prop/direct/P12721,Lille norske leksikon ID,3,
http://www.wikidata.org/prop/direct/P12874,Valencian Library ID,3,
http://www.wikidata.org/prop/direct/P13058,Madelen person ID,3,
http://www.wikidata.org/prop/direct/P13204,Wellcome Collection concept ID,3,
http://www.wikidata.org/prop/direct/P13170,ZSL authority ID,3,
http://www.wikidata.org/prop/direct/P13480,SearchCulture.gr ID,3,
http://www.wikidata.org/prop/direct/P13509,The Oxford Dictionary of Music entry ID,3,
http://www.wikidata.org/prop/direct/P138,named after,2,
http://www.wikidata.org/prop/direct/P264,record label,2,
http://www.wikidata.org/prop/direct/P611,religious order,2,
http://www.wikidata.org/prop/direct/P860,e-archiv.li ID,2,
http://www.wikidata.org/prop/direct/P948,page banner,2,
http://www.wikidata.org/prop/direct/P1027,conferred by,2,
http://www.wikidata.org/prop/direct/P1036,Dewey Decimal Classification,2,
http://www.wikidata.org/prop/direct/P1142,political ideology,2,
http://www.wikidata.org/prop/direct/P1151,topic's main Wikimedia portal,2,
http://www.wikidata.org/prop/direct/P1229,Openpolis ID,2,
http://www.wikidata.org/prop/direct/P1255,HelveticArchives ID,2,
http://www.wikidata.org/prop/direct/P1283,filmography,2,
http://www.wikidata.org/prop/direct/P1448,official name,2,
http://www.wikidata.org/prop/direct/P1473,BLPL author ID,2,
http://www.wikidata.org/prop/direct/P1649,KMDb person ID,2,
http://www.wikidata.org/prop/direct/P1807,Great Aragonese Encyclopedia ID,2,
http://www.wikidata.org/prop/direct/P1875,represented by,2,
http://www.wikidata.org/prop/direct/P2003,Instagram username,2,
http://www.wikidata.org/prop/direct/P2029,Dictionary of Ulster Biography ID,2,
http://www.wikidata.org/prop/direct/P2287,CRIStin ID,2,
http://www.wikidata.org/prop/direct/P2354,has list,2,
http://www.wikidata.org/prop/direct/P2397,YouTube channel ID,2,
http://www.wikidata.org/prop/direct/P2562,married name,2,
http://www.wikidata.org/prop/direct/P2652,partnership with,2,
http://www.wikidata.org/prop/direct/P2477,BDRC Resource ID,2,
http://www.wikidata.org/prop/direct/P2745,Dictionary of New Zealand Biography ID,2,
http://www.wikidata.org/prop/direct/P2909,SecondHandSongs artist ID,2,
http://www.wikidata.org/prop/direct/P3307,Galiciana authority ID,2,
http://www.wikidata.org/prop/direct/P3338,Encyclopedia of Surfing ID,2,
http://www.wikidata.org/prop/direct/P3479,Omni topic ID,2,
http://www.wikidata.org/prop/direct/P3703,JMDb person or company ID,2,
http://www.wikidata.org/prop/direct/P3786,Danskefilm person ID,2,
http://www.wikidata.org/prop/direct/P3794,Dictionary of Sydney ID,2,
http://www.wikidata.org/prop/direct/P3807,S2A3 Biographical Database ID,2,
http://www.wikidata.org/prop/direct/P3988,National Library Board Singapore ID,2,
http://www.wikidata.org/prop/direct/P3984,subreddit,2,
http://www.wikidata.org/prop/direct/P4471,Rush Parliamentary Archive ID,2,
http://www.wikidata.org/prop/direct/P4440,Biblioteca Nacional de México ID,2,
http://www.wikidata.org/prop/direct/P4456,Internet Off-Broadway Database ID,2,
http://www.wikidata.org/prop/direct/P4804,Compagnon de la Libération ID,2,
http://www.wikidata.org/prop/direct/P4963,Svenskt kvinnobiografiskt lexikon ID,2,
http://www.wikidata.org/prop/direct/P5143,amateur radio callsign,2,
http://www.wikidata.org/prop/direct/P5212,Armenian National Academy of Sciences ID,2,
http://www.wikidata.org/prop/direct/P5378,Akadem person ID (former scheme),2,
http://www.wikidata.org/prop/direct/P5409,Île en île author ID,2,
http://www.wikidata.org/prop/direct/P5459,RHE doctor ID,2,
http://www.wikidata.org/prop/direct/P5469,Latter-day Saint Literature database artist ID,2,
http://www.wikidata.org/prop/direct/P5477,Les Voix de la poésie poet ID,2,
http://www.wikidata.org/prop/direct/P5496,Médicos históricos doctor ID,2,
http://www.wikidata.org/prop/direct/P5546,College de France professor ID (1909-1939),2,
http://www.wikidata.org/prop/direct/P5562,Tebeosfera ID,2,
http://www.wikidata.org/prop/direct/P5614,Aosdána ID,2,
http://www.wikidata.org/prop/direct/P5657,National Humanities Medal winner ID,2,
http://www.wikidata.org/prop/direct/P6016,Tennessee Encyclopedia ID,2,
http://www.wikidata.org/prop/direct/P6213,UK Parliament ID,2,
http://www.wikidata.org/prop/direct/P6302,Dictionnaire de spiritualité ID,2,
http://www.wikidata.org/prop/direct/P6366,Microsoft Academic ID,2,
http://www.wikidata.org/prop/direct/P6403,TheatreOnline ID,2,
http://www.wikidata.org/prop/direct/P6520,Lokalhistoriewiki.no article ID,2,
http://www.wikidata.org/prop/direct/P6723,BlackPast.org ID,2,
http://www.wikidata.org/prop/direct/P6750,CineChile filmmaker ID,2,
http://www.wikidata.org/prop/direct/P6764,V&A person ID,2,
http://www.wikidata.org/prop/direct/P6770,Swiss National Sound Archives ID,2,
http://www.wikidata.org/prop/direct/P6878,Erik Amburger database ID,2,
http://www.wikidata.org/prop/direct/P7052,Jaxsta profile ID,2,
http://www.wikidata.org/prop/direct/P7131,Bureau des longitudes ID,2,
http://www.wikidata.org/prop/direct/P7303,Grammy Awards artist ID,2,
http://www.wikidata.org/prop/direct/P7314,TDV Encyclopedia of Islam ID,2,
http://www.wikidata.org/prop/direct/P7613,Biblioteche dei filosofi ID,2,
http://www.wikidata.org/prop/direct/P7709,ScienceOpen author ID,2,
http://www.wikidata.org/prop/direct/P7726,PlanetMath ID,2,
http://www.wikidata.org/prop/direct/P7928,BioLexSOE ID,2,
http://www.wikidata.org/prop/direct/P8286,Olympedia people ID,2,
http://www.wikidata.org/prop/direct/P8295,AustLit ID,2,
http://www.wikidata.org/prop/direct/P8334,MuseScore artist ID,2,
http://www.wikidata.org/prop/direct/P8418,Oberwolfach mathematician ID,2,
http://www.wikidata.org/prop/direct/P8445,Our Campaigns candidate ID,2,
http://www.wikidata.org/prop/direct/P8637,L'Officiel des spectacles ID,2,
http://www.wikidata.org/prop/direct/P8730,National Park Service people ID,2,
http://www.wikidata.org/prop/direct/P8759,Polski Słownik Judaistyczny ID,2,
http://www.wikidata.org/prop/direct/P8826,edition humboldt digital ID,2,
http://www.wikidata.org/prop/direct/P8852,facial hair,2,
http://www.wikidata.org/prop/direct/P8982,Pontificio Istituto di Archeologia Cristiana ID,2,
http://www.wikidata.org/prop/direct/P9036,I professori dell'Università di Pavia (1859-1961) ID,2,
http://www.wikidata.org/prop/direct/P9033,Archivo Histórico de diputados de España ID,2,
http://www.wikidata.org/prop/direct/P9054,National Historic People ID,2,
http://www.wikidata.org/prop/direct/P9199,Protagonisti della storia delle scienze della mente ID,2,
http://www.wikidata.org/prop/direct/P9285,Stadtlexikon Karlsruhe ID,2,
http://www.wikidata.org/prop/direct/P9282,Catalogue of the Capitular Library of Verona author ID,2,
http://www.wikidata.org/prop/direct/P9307,Fancyclopedia 3 ID,2,
http://www.wikidata.org/prop/direct/P9328,Universal Music France artist ID,2,
http://www.wikidata.org/prop/direct/P9365,Modernist Commons ID,2,
http://www.wikidata.org/prop/direct/P9536,SAIA authority ID,2,
http://www.wikidata.org/prop/direct/P9599,Polo bibliografico della ricerca author ID,2,
http://www.wikidata.org/prop/direct/P9634,AADFI member ID,2,
http://www.wikidata.org/prop/direct/P9646,senato.archivioluce.it person ID,2,
http://www.wikidata.org/prop/direct/P9775,Treccani's Lessico del XXI Secolo ID,2,
http://www.wikidata.org/prop/direct/P9786,Joods Biografisch Woordenboek ID,2,
http://www.wikidata.org/prop/direct/P9791,ASEE person ID,2,
http://www.wikidata.org/prop/direct/P9826,Great Encyclopedia of Cyril and Methodius entry ID,2,
http://www.wikidata.org/prop/direct/P10160,PGM author ID,2,
http://www.wikidata.org/prop/direct/P10265,Senators of Spain (1834-1923) ID,2,
http://www.wikidata.org/prop/direct/P10337,doollee.com playwright ID,2,
http://www.wikidata.org/prop/direct/P10362,Lib.ru author ID,2,
http://www.wikidata.org/prop/direct/P10419,LastDodo-area-ID,2,
http://www.wikidata.org/prop/direct/P10428,parliament.uk member ID,2,
http://www.wikidata.org/prop/direct/P10447,Pamyat Naroda ID,2,
http://www.wikidata.org/prop/direct/P10525,Italian Women Writers ID,2,
http://www.wikidata.org/prop/direct/P10554,BillionGraves grave ID,2,
http://www.wikidata.org/prop/direct/P10820,Kino.mail.ru person ID,2,
http://www.wikidata.org/prop/direct/P10874,gov.uk person ID,2,
http://www.wikidata.org/prop/direct/P11146,collection items at,2,
http://www.wikidata.org/prop/direct/P11173,UWIND ID,2,
http://www.wikidata.org/prop/direct/P11193,Piraeus Bank Group Cultural Foundation Library (B) ID,2,
http://www.wikidata.org/prop/direct/P11454,Afisha person ID,2,
http://www.wikidata.org/prop/direct/P11553,Livres Hebdo author ID,2,
http://www.wikidata.org/prop/direct/P11764,Britannica Kids students level article ID,2,
http://www.wikidata.org/prop/direct/P11765,Britannica Kids scholars level article ID,2,
http://www.wikidata.org/prop/direct/P11923,IbsenStage ID,2,
http://www.wikidata.org/prop/direct/P12214,Akadem person ID,2,
http://www.wikidata.org/prop/direct/P12349,NientePopCorn person ID,2,
http://www.wikidata.org/prop/direct/P12361,Bluesky handle,2,
http://www.wikidata.org/prop/direct/P12935,Illinois Center for the Book author ID,2,
http://www.wikidata.org/prop/direct/P13017,Latgales dati person ID,2,
http://www.wikidata.org/prop/direct/P13151,Gallimard author ID,2,
http://www.wikidata.org/prop/direct/P13185,Eyrolles author ID,2,
http://www.wikidata.org/prop/direct/P13324,Albin Michel author ID,2,
http://www.wikidata.org/prop/direct/P158,seal image,1,
http://www.wikidata.org/prop/direct/P358,discography,1,
http://www.wikidata.org/prop/direct/P217,inventory number,1,
http://www.wikidata.org/prop/direct/P781,SIKART person ID,1,
http://www.wikidata.org/prop/direct/P812,academic major,1,
http://www.wikidata.org/prop/direct/P527,has part(s),1,
http://www.wikidata.org/prop/direct/P531,diplomatic mission sent,1,
http://www.wikidata.org/prop/direct/P412,voice type,1,
http://www.wikidata.org/prop/direct/P413,position played on team / speciality,1,
http://www.wikidata.org/prop/direct/P968,email address,1,
http://www.wikidata.org/prop/direct/P998,Curlie ID,1,
http://www.wikidata.org/prop/direct/P1065,archive URL,1,
http://www.wikidata.org/prop/direct/P1138,Kunstindeks Danmark Artist ID,1,
http://www.wikidata.org/prop/direct/P1149,Library of Congress Classification,1,
http://www.wikidata.org/prop/direct/P1242,Theatricalia play ID,1,
http://www.wikidata.org/prop/direct/P1286,Munzinger Pop ID,1,
http://www.wikidata.org/prop/direct/P1331,PACE member ID,1,
http://www.wikidata.org/prop/direct/P1399,convicted of,1,
http://www.wikidata.org/prop/direct/P1440,FIDE player ID,1,
http://www.wikidata.org/prop/direct/P1482,Stack Exchange tag,1,
http://www.wikidata.org/prop/direct/P1532,country for sport,1,
http://www.wikidata.org/prop/direct/P1542,has effect,1,
http://www.wikidata.org/prop/direct/P1553,Yandex Music artist ID,1,
http://www.wikidata.org/prop/direct/P1581,official blog URL,1,
http://www.wikidata.org/prop/direct/P1615,CLARA-ID,1,
http://www.wikidata.org/prop/direct/P1631,China Vitae person ID,1,
http://www.wikidata.org/prop/direct/P1665,Chessgames.com player ID,1,
http://www.wikidata.org/prop/direct/P1712,Metacritic ID,1,
http://www.wikidata.org/prop/direct/P1810,subject named as,1,
http://www.wikidata.org/prop/direct/P1884,hair color,1,
http://www.wikidata.org/prop/direct/P1883,Declarator.org ID,1,
http://www.wikidata.org/prop/direct/P1908,CWGC person ID,1,
http://www.wikidata.org/prop/direct/P1982,Anime News Network person ID,1,
http://www.wikidata.org/prop/direct/P1979,Righteous Among The Nations ID,1,
http://www.wikidata.org/prop/direct/P2006,ZooBank author ID,1,
http://www.wikidata.org/prop/direct/P2048,height,1,
http://www.wikidata.org/prop/direct/P2087,Crunchbase person ID,1,
http://www.wikidata.org/prop/direct/P2267,PolitiFact people and groups ID,1,
http://www.wikidata.org/prop/direct/P2332,Dictionary of Art Historians ID,1,
http://www.wikidata.org/prop/direct/P2372,ODIS ID,1,
http://www.wikidata.org/prop/direct/P2492,MTMT author ID,1,
http://www.wikidata.org/prop/direct/P2561,name,1,
http://www.wikidata.org/prop/direct/P2697,ESPNcricinfo.com player ID,1,
http://www.wikidata.org/prop/direct/P2892,UMLS CUI,1,
http://www.wikidata.org/prop/direct/P2962,title of chess person,1,
http://www.wikidata.org/prop/direct/P3017,Rolling Stone artist ID,1,
http://www.wikidata.org/prop/direct/P3040,SoundCloud ID,1,
http://www.wikidata.org/prop/direct/P3056,TCM Movie Database person ID,1,
http://www.wikidata.org/prop/direct/P3114,ISzDb person ID,1,
http://www.wikidata.org/prop/direct/P3159,UGentMemorialis professor ID,1,
http://www.wikidata.org/prop/direct/P3162,Rock and Roll Hall of Fame ID,1,
http://www.wikidata.org/prop/direct/P3233,PhilPeople profile,1,
http://www.wikidata.org/prop/direct/P3265,Myspace ID,1,
http://www.wikidata.org/prop/direct/P3314,365Chess.com player ID,1,
http://www.wikidata.org/prop/direct/P3315,ChessTempo.com player ID,1,
http://www.wikidata.org/prop/direct/P3366,GECD person ID,1,
http://www.wikidata.org/prop/direct/P3390,NLB authority ID (Belarus),1,
http://www.wikidata.org/prop/direct/P3392,Surman ID,1,
http://www.wikidata.org/prop/direct/P3495,FilmPolski.pl ID,1,
http://www.wikidata.org/prop/direct/P3579,Weibo user ID,1,
http://www.wikidata.org/prop/direct/P3706,RITVA Person ID,1,
http://www.wikidata.org/prop/direct/P3716,social classification,1,
http://www.wikidata.org/prop/direct/P3733,MOOMA artist ID,1,
http://www.wikidata.org/prop/direct/P3827,JSTOR topic ID (archived),1,
http://www.wikidata.org/prop/direct/P3835,Mendeley person ID,1,
http://www.wikidata.org/prop/direct/P3845,TV Guide person ID (former scheme),1,
http://www.wikidata.org/prop/direct/P3857,Cinenacional.com person ID,1,
http://www.wikidata.org/prop/direct/P3867,Israel Chess Federation player ID,1,
http://www.wikidata.org/prop/direct/P3909,last words,1,
http://www.wikidata.org/prop/direct/P3913,MobyGames person ID,1,
http://www.wikidata.org/prop/direct/P3935,Chamber of Deputies of Italy storia ID,1,
http://www.wikidata.org/prop/direct/P3964,BDCYL authority ID,1,
http://www.wikidata.org/prop/direct/P4004,escutcheon image,1,
http://www.wikidata.org/prop/direct/P4033,Mastodon address,1,
http://www.wikidata.org/prop/direct/P4116,JewAge person ID,1,
http://www.wikidata.org/prop/direct/P4138,Treasury of Lives ID,1,
http://www.wikidata.org/prop/direct/P4193,Familypedia person ID,1,
http://www.wikidata.org/prop/direct/P4208,Billboard artist ID,1,
http://www.wikidata.org/prop/direct/P4254,Banglapedia ID (Bengali),1,
http://www.wikidata.org/prop/direct/P4255,Banglapedia ID (English),1,
http://www.wikidata.org/prop/direct/P4265,Reddit username,1,
http://www.wikidata.org/prop/direct/P4419,Videolectures ID,1,
http://www.wikidata.org/prop/direct/P4450,HAL author ID,1,
http://www.wikidata.org/prop/direct/P4576,Tidal artist ID,1,
http://www.wikidata.org/prop/direct/P4589,Dreadnought Project page,1,
http://www.wikidata.org/prop/direct/P4585,Accademia della Crusca ID,1,
http://www.wikidata.org/prop/direct/P4601,Lives of WWI ID,1,
http://www.wikidata.org/prop/direct/P4690,Oireachtas member ID,1,
http://www.wikidata.org/prop/direct/P4747,Line Music artist ID,1,
http://www.wikidata.org/prop/direct/P4757,Songwriters Hall of Fame ID,1,
http://www.wikidata.org/prop/direct/P4760,LTI Korea Library writer ID,1,
http://www.wikidata.org/prop/direct/P4768,cinematografo.it name or company ID,1,
http://www.wikidata.org/prop/direct/P4772,compArt person ID,1,
http://www.wikidata.org/prop/direct/P4782,Movieplayer person ID,1,
http://www.wikidata.org/prop/direct/P4779,MYmovies actor ID (former scheme),1,
http://www.wikidata.org/prop/direct/P4787,NII author ID,1,
http://www.wikidata.org/prop/direct/P4802,BVPB authority ID,1,
http://www.wikidata.org/prop/direct/P4887,Web umenia creator ID,1,
http://www.wikidata.org/prop/direct/P4891,Patrons de France ID,1,
http://www.wikidata.org/prop/direct/P4896,3D model,1,
http://www.wikidata.org/prop/direct/P4936,SFMOMA artist ID,1,
http://www.wikidata.org/prop/direct/P4970,alternative name,1,
http://www.wikidata.org/prop/direct/P5088,Internet Encyclopedia of Philosophy ID,1,
http://www.wikidata.org/prop/direct/P5125,Wikimedia outline,1,
http://www.wikidata.org/prop/direct/P5121,All About Jazz musician ID,1,
http://www.wikidata.org/prop/direct/P5147,Dictionary of Swedish Translators ID,1,
http://www.wikidata.org/prop/direct/P5145,Bugs! artist ID,1,
http://www.wikidata.org/prop/direct/P5154,KKBox artist ID,1,
http://www.wikidata.org/prop/direct/P5239,Artists in Canada record number,1,
http://www.wikidata.org/prop/direct/P5247,Giant Bomb ID,1,
http://www.wikidata.org/prop/direct/P5254,FilmTv.it person ID,1,
http://www.wikidata.org/prop/direct/P5271,Saint Louis Art Museum person ID,1,
http://www.wikidata.org/prop/direct/P5273,Nelson-Atkins Museum of Art person ID,1,
http://www.wikidata.org/prop/direct/P5287,Songfacts artist ID,1,
http://www.wikidata.org/prop/direct/P5284,Douban movie celebrity ID,1,
http://www.wikidata.org/prop/direct/P5319,César Award person ID,1,
http://www.wikidata.org/prop/direct/P5327,fernsehserien.de ID,1,
http://www.wikidata.org/prop/direct/P5324,Swedish National Archive reference code,1,
http://www.wikidata.org/prop/direct/P5320,IUF member ID,1,
http://www.wikidata.org/prop/direct/P5356,Laut.de artist ID,1,
http://www.wikidata.org/prop/direct/P5374,Académie des sciences d'outre-mer member ID,1,
http://www.wikidata.org/prop/direct/P5368,National Gallery of Canada artist ID,1,
http://www.wikidata.org/prop/direct/P5394,Poets & Writers author ID,1,
http://www.wikidata.org/prop/direct/P5431,setlist.fm artist ID,1,
http://www.wikidata.org/prop/direct/P5442,Library of Congress of Chile person ID,1,
http://www.wikidata.org/prop/direct/P5462,RHE professor ID,1,
http://www.wikidata.org/prop/direct/P5597,Artcyclopedia artist ID,1,
http://www.wikidata.org/prop/direct/P5637,CNL author ID,1,
http://www.wikidata.org/prop/direct/P5632,Persons of Indian Studies ID,1,
http://www.wikidata.org/prop/direct/P5649,AniDB person ID,1,
http://www.wikidata.org/prop/direct/P5715,Academia.edu profile URL,1,
http://www.wikidata.org/prop/direct/P5800,narrative role,1,
http://www.wikidata.org/prop/direct/P5844,Treccani Vocabulary ID,1,
http://www.wikidata.org/prop/direct/P5917,Shazam artist ID,1,
http://www.wikidata.org/prop/direct/P5927,Ultimate Guitar artist ID,1,
http://www.wikidata.org/prop/direct/P5981,Encyclopedia Virginia ID,1,
http://www.wikidata.org/prop/direct/P6002,WikiArt ID,1,
http://www.wikidata.org/prop/direct/P6132,Playbill person ID,1,
http://www.wikidata.org/prop/direct/P6228,OesterreichWiki ID,1,
http://www.wikidata.org/prop/direct/P6226,ARLLFB member ID,1,
http://www.wikidata.org/prop/direct/P6283,MNopedia ID,1,
http://www.wikidata.org/prop/direct/P6295,ARTIC artist ID,1,
http://www.wikidata.org/prop/direct/P6303,Swedish Anbytarforum ID,1,
http://www.wikidata.org/prop/direct/P6461,Rock's Backpages artist ID,1,
http://www.wikidata.org/prop/direct/P6559,Official Charts artist ID,1,
http://www.wikidata.org/prop/direct/P6553,personal pronoun,1,
http://www.wikidata.org/prop/direct/P6564,Brilliant Wiki ID,1,
http://www.wikidata.org/prop/direct/P6579,National Book Foundation author ID,1,
http://www.wikidata.org/prop/direct/P6603,film-documentaire.fr author ID,1,
http://www.wikidata.org/prop/direct/P6620,L'Express person ID,1,
http://www.wikidata.org/prop/direct/P6791,The Atlantic author ID,1,
http://www.wikidata.org/prop/direct/P6796,OSZMI ID,1,
http://www.wikidata.org/prop/direct/P6874,Musixmatch artist ID,1,
http://www.wikidata.org/prop/direct/P6903,ArtBrokerage artist ID,1,
http://www.wikidata.org/prop/direct/P6918,hitparade.ch artist ID,1,
http://www.wikidata.org/prop/direct/P6917,Historical Archives of the European Union ID,1,
http://www.wikidata.org/prop/direct/P6914,Gaana artist ID,1,
http://www.wikidata.org/prop/direct/P6926,Nederlandse Top 40 artist ID,1,
http://www.wikidata.org/prop/direct/P6925,Musicalics composer ID,1,
http://www.wikidata.org/prop/direct/P6960,IMVDb artist ID,1,
http://www.wikidata.org/prop/direct/P7003,ACMI ID,1,
http://www.wikidata.org/prop/direct/P7012,World Encyclopedia of Puppetry Arts ID,1,
http://www.wikidata.org/prop/direct/P7027,MPG ID,1,
http://www.wikidata.org/prop/direct/P7050,Album of the Year artist ID,1,
http://www.wikidata.org/prop/direct/P7071,Qobuz artist ID,1,
http://www.wikidata.org/prop/direct/P7085,TikTok username,1,
http://www.wikidata.org/prop/direct/P7109,Acharts.co artist ID,1,
http://www.wikidata.org/prop/direct/P7128,Archives Directory for the History of Collecting in America ID,1,
http://www.wikidata.org/prop/direct/P7153,significant place,1,
http://www.wikidata.org/prop/direct/P7184,Awards & Winners artist ID,1,
http://www.wikidata.org/prop/direct/P7194,AZLyrics.com artist ID,1,
http://www.wikidata.org/prop/direct/P7195,Bandsintown artist ID,1,
http://www.wikidata.org/prop/direct/P7193,YesAsia author ID,1,
http://www.wikidata.org/prop/direct/P7200,SongMeanings artist ID,1,
http://www.wikidata.org/prop/direct/P7210,GreatSong artist ID,1,
http://www.wikidata.org/prop/direct/P7237,China Engineering Expert Tank ID,1,
http://www.wikidata.org/prop/direct/P7331,Letteraturaitaliana.net author ID,1,
http://www.wikidata.org/prop/direct/P7388,Great Encyclopedia of Navarre ID,1,
http://www.wikidata.org/prop/direct/P7506,Naver Encyclopedia ID,1,
http://www.wikidata.org/prop/direct/P7512,startrek.com Database ID,1,
http://www.wikidata.org/prop/direct/P7580,AboutTheArtists artist ID,1,
http://www.wikidata.org/prop/direct/P7663,Scienza a due voci ID,1,
http://www.wikidata.org/prop/direct/P7687,Kansaspedia ID,1,
http://www.wikidata.org/prop/direct/P7695,e-WV: The West Virginia Encyclopedia ID,1,
http://www.wikidata.org/prop/direct/P7691,The Oregon Encyclopedia ID,1,
http://www.wikidata.org/prop/direct/P7688,Mississippi Encyclopedia ID,1,
http://www.wikidata.org/prop/direct/P7698,Musée de la Résistance ID,1,
http://www.wikidata.org/prop/direct/P7711,Joconde author ID,1,
http://www.wikidata.org/prop/direct/P7779,military unit,1,
http://www.wikidata.org/prop/direct/P7800,bauhaus.community ID,1,
http://www.wikidata.org/prop/direct/P7820,Punjabipedia ID,1,
http://www.wikidata.org/prop/direct/P7819,OrthodoxWiki ID (English),1,
http://www.wikidata.org/prop/direct/P7831,NMVW ID,1,
http://www.wikidata.org/prop/direct/P7839,Saregama artist ID,1,
http://www.wikidata.org/prop/direct/P7837,Nederlands Fotomuseum photographer ID,1,
http://www.wikidata.org/prop/direct/P8041,DR music artist ID,1,
http://www.wikidata.org/prop/direct/P8092,EcuRed article,1,
http://www.wikidata.org/prop/direct/P8122,DLL Catalog author ID,1,
http://www.wikidata.org/prop/direct/P8160,Bibliotheca Augustana author ID,1,
http://www.wikidata.org/prop/direct/P8170,RPPS ID,1,
http://www.wikidata.org/prop/direct/P8269,Norwegian prisoner register person ID,1,
http://www.wikidata.org/prop/direct/P8301,Montreux Jazz Festival person ID,1,
http://www.wikidata.org/prop/direct/P8332,Dansk litteraturs historie ID,1,
http://www.wikidata.org/prop/direct/P8440,Personendatenbank Germania Sacra ID,1,
http://www.wikidata.org/prop/direct/P8504,Science Fiction Awards Database author ID,1,
http://www.wikidata.org/prop/direct/P8534,SPLC individual ID,1,
http://www.wikidata.org/prop/direct/P8578,TracesOfWar person ID,1,
http://www.wikidata.org/prop/direct/P8678,Slovník českých nakladatelství 1848-1949 person ID,1,
http://www.wikidata.org/prop/direct/P8689,ITHL author ID,1,
http://www.wikidata.org/prop/direct/P8713,Stadtwiki Dresden article,1,
http://www.wikidata.org/prop/direct/P8786,dedicated heritage entity,1,
http://www.wikidata.org/prop/direct/P8821,Memorial Book University of Vienna ID,1,
http://www.wikidata.org/prop/direct/P8819,Pitchfork artist ID,1,
http://www.wikidata.org/prop/direct/P8844,RAWG person ID,1,
http://www.wikidata.org/prop/direct/P8879,Kinorium person ID,1,
http://www.wikidata.org/prop/direct/P8964,OpenReview.net profile ID,1,
http://www.wikidata.org/prop/direct/P8975,Manus Online author ID,1,
http://www.wikidata.org/prop/direct/P8985,Dizionario bio-bibliografico dei bibliotecari italiani del XX secolo ID,1,
http://www.wikidata.org/prop/direct/P9029,Viceversa Letteratura author ID,1,
http://www.wikidata.org/prop/direct/P9053,Projecto Vercial author ID,1,
http://www.wikidata.org/prop/direct/P9085,Aracne author ID,1,
http://www.wikidata.org/prop/direct/P9110,Le Lettere di Theodor Mommsen agli Italiani ID,1,
http://www.wikidata.org/prop/direct/P9139,first family name in Portuguese name,1,
http://www.wikidata.org/prop/direct/P9152,CollectieGelderland creator ID,1,
http://www.wikidata.org/prop/direct/P9163,Obrazi slovenskih pokrajin ID,1,
http://www.wikidata.org/prop/direct/P9193,LombardiaBeniCulturali archive producer person ID,1,
http://www.wikidata.org/prop/direct/P9244,Women Australia ID,1,
http://www.wikidata.org/prop/direct/P9318,Ávvir topic ID,1,
http://www.wikidata.org/prop/direct/P9407,Polignosi ID,1,
http://www.wikidata.org/prop/direct/P9404,OFDb person ID,1,
http://www.wikidata.org/prop/direct/P9438,Europalexikon ID,1,
http://www.wikidata.org/prop/direct/P9468,LIMA media artist ID,1,
http://www.wikidata.org/prop/direct/P9526,Scholarpedia article ID,1,
http://www.wikidata.org/prop/direct/P9627,Romanistenlexikon ID,1,
http://www.wikidata.org/prop/direct/P9625,Dizionario Biografico dell'Educazione (1800–2000) ID,1,
http://www.wikidata.org/prop/direct/P9642,Olschki author ID,1,
http://www.wikidata.org/prop/direct/P9670,ZKM person ID,1,
http://www.wikidata.org/prop/direct/P9671,Bundesstiftung Aufarbeitung person ID,1,
http://www.wikidata.org/prop/direct/P9682,Gutenberg Biographics ID,1,
http://www.wikidata.org/prop/direct/P9756,Schoenberg Database of Manuscripts name ID,1,
http://www.wikidata.org/prop/direct/P9778,Looted Cultural Assets Database ID,1,
http://www.wikidata.org/prop/direct/P9792,Alsharek Archive author ID,1,
http://www.wikidata.org/prop/direct/P9815,BMC ID,1,
http://www.wikidata.org/prop/direct/P9842,MART catalog person ID,1,
http://www.wikidata.org/prop/direct/P9956,IRIS Sapienza author ID,1,
http://www.wikidata.org/prop/direct/P9983,Enciclopedia dei ragazzi ID,1,
http://www.wikidata.org/prop/direct/P9980,NLI Archive (bibliographic) ID,1,
http://www.wikidata.org/prop/direct/P10072,State Duma person ID,1,
http://www.wikidata.org/prop/direct/P10085,biografiA ID,1,
http://www.wikidata.org/prop/direct/P10118,World of Shakespeare ID,1,
http://www.wikidata.org/prop/direct/P10231,WikiStrinda article ID,1,
http://www.wikidata.org/prop/direct/P10225,official shop URL,1,
http://www.wikidata.org/prop/direct/P10372,Offizielle Deutsche Charts person ID,1,
http://www.wikidata.org/prop/direct/P10373,Mnemosine ID,1,
http://www.wikidata.org/prop/direct/P10404,LMHL author ID,1,
http://www.wikidata.org/prop/direct/P10400,CBDB.cz author ID,1,
http://www.wikidata.org/prop/direct/P10480,symogih.org ID,1,
http://www.wikidata.org/prop/direct/P10489,LDT @ Library Name Authority ID,1,
http://www.wikidata.org/prop/direct/P10509,Femiwiki ID,1,
http://www.wikidata.org/prop/direct/P10518,ICCROM authority ID,1,
http://www.wikidata.org/prop/direct/P10535,RSPA modern author ID,1,
http://www.wikidata.org/prop/direct/P10606,notable role,1,
http://www.wikidata.org/prop/direct/P10618,Salzburger Literatur Netz ID,1,
http://www.wikidata.org/prop/direct/P10646,ARTEINFORMADO person ID,1,
http://www.wikidata.org/prop/direct/P10677,Winterthur Glossar ID,1,
http://www.wikidata.org/prop/direct/P10807,HaBama person ID,1,
http://www.wikidata.org/prop/direct/P10843,DeSmog ID,1,
http://www.wikidata.org/prop/direct/P10900,Telmore Musik artist ID,1,
http://www.wikidata.org/prop/direct/P10899,Prophy author ID,1,
http://www.wikidata.org/prop/direct/P11014,Belarus in persons and events ID,1,
http://www.wikidata.org/prop/direct/P11065,Chess.com player ID,1,
http://www.wikidata.org/prop/direct/P11195,Annales des mines person ID,1,
http://www.wikidata.org/prop/direct/P11245,YouTube handle,1,
http://www.wikidata.org/prop/direct/P11241,Pittori Liguri ID,1,
http://www.wikidata.org/prop/direct/P11271,African American Visual Artists Database ID,1,
http://www.wikidata.org/prop/direct/P11345,Cinematografo.it name or company ID (new),1,
http://www.wikidata.org/prop/direct/P11394,Internet Sacred Text Archive ID,1,
http://www.wikidata.org/prop/direct/P11433,Hungarian Film Archive person ID,1,
http://www.wikidata.org/prop/direct/P11455,Catalogo storico ragionato degli scrittori sardi dal IV al XXI secolo ID,1,
http://www.wikidata.org/prop/direct/P11449,TV Maze person ID,1,
http://www.wikidata.org/prop/direct/P11676,electrocd artist ID,1,
http://www.wikidata.org/prop/direct/P11695,literatura.lv ID,1,
http://www.wikidata.org/prop/direct/P11711,Litres author ID,1,
http://www.wikidata.org/prop/direct/P11762,Britannica Kids kids level article ID,1,
http://www.wikidata.org/prop/direct/P11800,stats.fm artist ID,1,
http://www.wikidata.org/prop/direct/P11827,documenta archiv ID,1,
http://www.wikidata.org/prop/direct/P11999,Slovník české literatury po roce 1945 ID,1,
http://www.wikidata.org/prop/direct/P12040,J. Paul Getty Museum agent ID,1,
http://www.wikidata.org/prop/direct/P12051,National Library of Albania edition ID,1,
http://www.wikidata.org/prop/direct/P12076,Nordic Women in Film-ID,1,
http://www.wikidata.org/prop/direct/P12141,Fondazione Fiera ID,1,
http://www.wikidata.org/prop/direct/P12152,Moviepilot.de person ID,1,
http://www.wikidata.org/prop/direct/P12173,Newman Numismatics Portal ID,1,
http://www.wikidata.org/prop/direct/P12204,ELMCIP ID,1,
http://www.wikidata.org/prop/direct/P12259,Abandonware-France person ID,1,
http://www.wikidata.org/prop/direct/P12439,civil rank,1,
http://www.wikidata.org/prop/direct/P12538,Galician Authors in the BUSC ID,1,
http://www.wikidata.org/prop/direct/P12596,museum-digital tag ID,1,
http://www.wikidata.org/prop/direct/P12627,British Comedy Guide person ID,1,
http://www.wikidata.org/prop/direct/P12696,Dhliz ID,1,
http://www.wikidata.org/prop/direct/P12774,A Dictionary of Biology ID,1,
http://www.wikidata.org/prop/direct/P12815,filmas.lv person ID,1,
http://www.wikidata.org/prop/direct/P12842,OpenCitations Meta ID,1,
http://www.wikidata.org/prop/direct/P12858,UNIBO professor ID,1,
http://www.wikidata.org/prop/direct/P12871,Google Play author ID,1,
http://www.wikidata.org/prop/direct/P12890,Imperial University of Dorpat student ID,1,
http://www.wikidata.org/prop/direct/P12936,Slekt og Data grave ID,1,
http://www.wikidata.org/prop/direct/P12946,FOLDOC ID,1,
http://www.wikidata.org/prop/direct/P12955,Ciel d'oc ID,1,
http://www.wikidata.org/prop/direct/P12997,Hindustan Times topic ID,1,
http://www.wikidata.org/prop/direct/P13067,Diccionario biográfico de Castilla-La Mancha ID,1,
http://www.wikidata.org/prop/direct/P13078,Cihai encyclopedia entry ID,1,
http://www.wikidata.org/prop/direct/P13077,Atatürk Ansiklopedisi ID,1,
http://www.wikidata.org/prop/direct/P13212,MACM artist ID,1,
http://www.wikidata.org/prop/direct/P13211,Dictionary of Norwegian Translators ID,1,
http://www.wikidata.org/prop/direct/P13239,Database of Canada's Early Women Writers ID,1,
http://www.wikidata.org/prop/direct/P13261,Mille ans de littérature d'oc author ID,1,
http://www.wikidata.org/prop/direct/P13280,University of Pécs Almanac ID,1,
http://www.wikidata.org/prop/direct/P13146,picture of this person doing their job,1,
http://www.wikidata.org/prop/direct/P13153,Bibliothèque du Séminaire de Tournai author ID,1,
http://www.wikidata.org/prop/direct/P13168,Vidas author ID,1,
http://www.wikidata.org/prop/direct/P13306,Oorlogsbronnen ID,1,
http://www.wikidata.org/prop/direct/P13334,FU-Lexikon ID,1,
http://www.wikidata.org/prop/direct/P13337,domain name,1,
http://www.wikidata.org/prop/direct/P13435,Canadian Writing Research Collaboratory ID,1,
